ts,tick_index,ticker,price,volume,asset_type,sector
2026-03-14T09:30:00Z,0,A001,234.69,530,STOCK,TECH
2026-03-14T09:30:00Z,0,A002,171.32,736,STOCK,TECH
2026-03-14T09:30:00Z,0,A003,142.85,1072,STOCK,TECH
2026-03-14T09:30:00Z,0,A004,189.54,574,STOCK,TECH
2026-03-14T09:30:00Z,0,A005,128.73,908,STOCK,TECH
2026-03-14T09:30:00Z,0,A006,163.41,678,STOCK,TECH
2026-03-14T09:30:00Z,0,A007,201.18,1288,STOCK,TECH
2026-03-14T09:30:00Z,0,A008,115.92,670,STOCK,TECH
2026-03-14T09:30:00Z,0,A009,177.65,889,STOCK,TECH
2026-03-14T09:30:00Z,0,A010,148.3,743,STOCK,TECH
2026-03-14T09:30:00Z,0,B001,118.42,589,STOCK,FINANCE
2026-03-14T09:30:00Z,0,B002,98.76,840,STOCK,FINANCE
2026-03-14T09:30:00Z,0,B003,114.8,846,STOCK,FINANCE
2026-03-14T09:30:00Z,0,B004,127.35,963,STOCK,FINANCE
2026-03-14T09:30:00Z,0,B005,104.21,1157,STOCK,FINANCE
2026-03-14T09:30:00Z,0,B006,92.68,1080,STOCK,FINANCE
2026-03-14T09:30:00Z,0,B007,131.54,546,STOCK,FINANCE
2026-03-14T09:30:00Z,0,B008,109.83,954,STOCK,FINANCE
2026-03-14T09:30:00Z,0,B009,88.47,1031,STOCK,FINANCE
2026-03-14T09:30:00Z,0,B010,121.9,1047,STOCK,FINANCE
2026-03-14T09:30:00Z,0,C001,142.17,1030,STOCK,HEALTHCARE
2026-03-14T09:30:00Z,0,C002,158.63,1161,STOCK,HEALTHCARE
2026-03-14T09:30:00Z,0,C003,121.48,1167,STOCK,HEALTHCARE
2026-03-14T09:30:00Z,0,C004,139.72,1076,STOCK,HEALTHCARE
2026-03-14T09:30:00Z,0,C005,167.35,558,STOCK,HEALTHCARE
2026-03-14T09:30:00Z,0,C006,112.84,1296,STOCK,HEALTHCARE
2026-03-14T09:30:00Z,0,C007,145.91,1146,STOCK,HEALTHCARE
2026-03-14T09:30:00Z,0,C008,128.56,1291,STOCK,HEALTHCARE
2026-03-14T09:30:00Z,0,C009,154.23,663,STOCK,HEALTHCARE
2026-03-14T09:30:00Z,0,C010,133.67,1137,STOCK,HEALTHCARE
2026-03-14T09:30:00Z,0,D001,102.45,502,STOCK,ENERGY
2026-03-14T09:30:00Z,0,D002,87.84,1242,STOCK,ENERGY
2026-03-14T09:30:00Z,0,D003,94.18,516,STOCK,ENERGY
2026-03-14T09:30:00Z,0,D004,111.63,925,STOCK,ENERGY
2026-03-14T09:30:00Z,0,D005,89.27,811,STOCK,ENERGY
2026-03-14T09:30:00Z,0,D006,97.52,613,STOCK,ENERGY
2026-03-14T09:30:00Z,0,D007,105.39,1187,STOCK,ENERGY
2026-03-14T09:30:00Z,0,D008,83.74,960,STOCK,ENERGY
2026-03-14T09:30:00Z,0,D009,98.61,795,STOCK,ENERGY
2026-03-14T09:30:00Z,0,D010,93.85,1168,STOCK,ENERGY
2026-03-14T09:30:00Z,0,E001,91.34,627,STOCK,CONSUMER
2026-03-14T09:30:00Z,0,E002,84.72,883,STOCK,CONSUMER
2026-03-14T09:30:00Z,0,E003,96.18,592,STOCK,CONSUMER
2026-03-14T09:30:00Z,0,E004,78.53,1172,STOCK,CONSUMER
2026-03-14T09:30:00Z,0,E005,88.91,1081,STOCK,CONSUMER
2026-03-14T09:30:00Z,0,E006,82.47,685,STOCK,CONSUMER
2026-03-14T09:30:00Z,0,E007,93.62,995,STOCK,CONSUMER
2026-03-14T09:30:00Z,0,E008,75.38,1212,STOCK,CONSUMER
2026-03-14T09:30:00Z,0,E009,86.25,955,STOCK,CONSUMER
2026-03-14T09:30:00Z,0,E010,79.84,1274,STOCK,CONSUMER
2026-03-14T09:31:00Z,1,A001,234.58,525,STOCK,TECH
2026-03-14T09:31:00Z,1,A002,171.25,672,STOCK,TECH
2026-03-14T09:31:00Z,1,A003,142.93,1501,STOCK,TECH
2026-03-14T09:31:00Z,1,A004,189.46,673,STOCK,TECH
2026-03-14T09:31:00Z,1,A005,128.46,1216,STOCK,TECH
2026-03-14T09:31:00Z,1,A006,163.43,627,STOCK,TECH
2026-03-14T09:31:00Z,1,A007,201.06,1078,STOCK,TECH
2026-03-14T09:31:00Z,1,A008,115.86,567,STOCK,TECH
2026-03-14T09:31:00Z,1,A009,177.63,938,STOCK,TECH
2026-03-14T09:31:00Z,1,A010,148.3,756,STOCK,TECH
2026-03-14T09:31:00Z,1,B001,118.56,524,STOCK,FINANCE
2026-03-14T09:31:00Z,1,B002,98.82,953,STOCK,FINANCE
2026-03-14T09:31:00Z,1,B003,114.79,936,STOCK,FINANCE
2026-03-14T09:31:00Z,1,B004,127.21,979,STOCK,FINANCE
2026-03-14T09:31:00Z,1,B005,104.06,885,STOCK,FINANCE
2026-03-14T09:31:00Z,1,B006,92.69,995,STOCK,FINANCE
2026-03-14T09:31:00Z,1,B007,131.72,422,STOCK,FINANCE
2026-03-14T09:31:00Z,1,B008,109.81,1080,STOCK,FINANCE
2026-03-14T09:31:00Z,1,B009,88.44,840,STOCK,FINANCE
2026-03-14T09:31:00Z,1,B010,121.95,918,STOCK,FINANCE
2026-03-14T09:31:00Z,1,C001,141.9,1079,STOCK,HEALTHCARE
2026-03-14T09:31:00Z,1,C002,158.54,1246,STOCK,HEALTHCARE
2026-03-14T09:31:00Z,1,C003,121.53,932,STOCK,HEALTHCARE
2026-03-14T09:31:00Z,1,C004,139.84,1200,STOCK,HEALTHCARE
2026-03-14T09:31:00Z,1,C005,167.28,615,STOCK,HEALTHCARE
2026-03-14T09:31:00Z,1,C006,112.87,1481,STOCK,HEALTHCARE
2026-03-14T09:31:00Z,1,C007,145.93,990,STOCK,HEALTHCARE
2026-03-14T09:31:00Z,1,C008,128.66,1647,STOCK,HEALTHCARE
2026-03-14T09:31:00Z,1,C009,154.0,590,STOCK,HEALTHCARE
2026-03-14T09:31:00Z,1,C010,133.74,1154,STOCK,HEALTHCARE
2026-03-14T09:31:00Z,1,D001,102.24,609,STOCK,ENERGY
2026-03-14T09:31:00Z,1,D002,87.55,1402,STOCK,ENERGY
2026-03-14T09:31:00Z,1,D003,94.09,716,STOCK,ENERGY
2026-03-14T09:31:00Z,1,D004,111.48,1011,STOCK,ENERGY
2026-03-14T09:31:00Z,1,D005,89.34,766,STOCK,ENERGY
2026-03-14T09:31:00Z,1,D006,97.58,610,STOCK,ENERGY
2026-03-14T09:31:00Z,1,D007,105.21,1100,STOCK,ENERGY
2026-03-14T09:31:00Z,1,D008,83.81,922,STOCK,ENERGY
2026-03-14T09:31:00Z,1,D009,98.47,896,STOCK,ENERGY
2026-03-14T09:31:00Z,1,D010,93.82,1003,STOCK,ENERGY
2026-03-14T09:31:00Z,1,E001,91.29,625,STOCK,CONSUMER
2026-03-14T09:31:00Z,1,E002,84.72,509,STOCK,CONSUMER
2026-03-14T09:31:00Z,1,E003,96.26,597,STOCK,CONSUMER
2026-03-14T09:31:00Z,1,E004,78.58,1678,STOCK,CONSUMER
2026-03-14T09:31:00Z,1,E005,88.93,1165,STOCK,CONSUMER
2026-03-14T09:31:00Z,1,E006,82.52,790,STOCK,CONSUMER
2026-03-14T09:31:00Z,1,E007,93.66,967,STOCK,CONSUMER
2026-03-14T09:31:00Z,1,E008,75.31,1478,STOCK,CONSUMER
2026-03-14T09:31:00Z,1,E009,86.16,1040,STOCK,CONSUMER
2026-03-14T09:31:00Z,1,E010,79.78,1327,STOCK,CONSUMER
2026-03-14T09:32:00Z,2,A001,234.8,508,STOCK,TECH
2026-03-14T09:32:00Z,2,A002,171.93,955,STOCK,TECH
2026-03-14T09:32:00Z,2,A003,142.95,1185,STOCK,TECH
2026-03-14T09:32:00Z,2,A004,189.45,630,STOCK,TECH
2026-03-14T09:32:00Z,2,A005,128.73,846,STOCK,TECH
2026-03-14T09:32:00Z,2,A006,163.9,741,STOCK,TECH
2026-03-14T09:32:00Z,2,A007,201.45,1187,STOCK,TECH
2026-03-14T09:32:00Z,2,A008,116.1,828,STOCK,TECH
2026-03-14T09:32:00Z,2,A009,178.15,893,STOCK,TECH
2026-03-14T09:32:00Z,2,A010,148.45,976,STOCK,TECH
2026-03-14T09:32:00Z,2,B001,118.46,642,STOCK,FINANCE
2026-03-14T09:32:00Z,2,B002,98.84,1046,STOCK,FINANCE
2026-03-14T09:32:00Z,2,B003,115.02,1081,STOCK,FINANCE
2026-03-14T09:32:00Z,2,B004,127.11,967,STOCK,FINANCE
2026-03-14T09:32:00Z,2,B005,104.15,1608,STOCK,FINANCE
2026-03-14T09:32:00Z,2,B006,92.79,1208,STOCK,FINANCE
2026-03-14T09:32:00Z,2,B007,131.79,582,STOCK,FINANCE
2026-03-14T09:32:00Z,2,B008,110.0,1253,STOCK,FINANCE
2026-03-14T09:32:00Z,2,B009,88.57,1011,STOCK,FINANCE
2026-03-14T09:32:00Z,2,B010,122.4,1049,STOCK,FINANCE
2026-03-14T09:32:00Z,2,C001,142.1,1244,STOCK,HEALTHCARE
2026-03-14T09:32:00Z,2,C002,158.54,888,STOCK,HEALTHCARE
2026-03-14T09:32:00Z,2,C003,121.53,815,STOCK,HEALTHCARE
2026-03-14T09:32:00Z,2,C004,139.8,1173,STOCK,HEALTHCARE
2026-03-14T09:32:00Z,2,C005,167.59,608,STOCK,HEALTHCARE
2026-03-14T09:32:00Z,2,C006,112.87,1035,STOCK,HEALTHCARE
2026-03-14T09:32:00Z,2,C007,146.02,1127,STOCK,HEALTHCARE
2026-03-14T09:32:00Z,2,C008,128.86,1202,STOCK,HEALTHCARE
2026-03-14T09:32:00Z,2,C009,153.98,710,STOCK,HEALTHCARE
2026-03-14T09:32:00Z,2,C010,133.78,1227,STOCK,HEALTHCARE
2026-03-14T09:32:00Z,2,D001,102.12,515,STOCK,ENERGY
2026-03-14T09:32:00Z,2,D002,87.52,989,STOCK,ENERGY
2026-03-14T09:32:00Z,2,D003,94.12,403,STOCK,ENERGY
2026-03-14T09:32:00Z,2,D004,111.65,878,STOCK,ENERGY
2026-03-14T09:32:00Z,2,D005,89.55,945,STOCK,ENERGY
2026-03-14T09:32:00Z,2,D006,97.68,764,STOCK,ENERGY
2026-03-14T09:32:00Z,2,D007,105.35,1416,STOCK,ENERGY
2026-03-14T09:32:00Z,2,D008,83.9,855,STOCK,ENERGY
2026-03-14T09:32:00Z,2,D009,98.7,847,STOCK,ENERGY
2026-03-14T09:32:00Z,2,D010,94.01,1183,STOCK,ENERGY
2026-03-14T09:32:00Z,2,E001,91.4,640,STOCK,CONSUMER
2026-03-14T09:32:00Z,2,E002,84.68,1088,STOCK,CONSUMER
2026-03-14T09:32:00Z,2,E003,96.45,695,STOCK,CONSUMER
2026-03-14T09:32:00Z,2,E004,78.68,1225,STOCK,CONSUMER
2026-03-14T09:32:00Z,2,E005,89.13,1019,STOCK,CONSUMER
2026-03-14T09:32:00Z,2,E006,82.58,695,STOCK,CONSUMER
2026-03-14T09:32:00Z,2,E007,93.96,1039,STOCK,CONSUMER
2026-03-14T09:32:00Z,2,E008,75.33,1350,STOCK,CONSUMER
2026-03-14T09:32:00Z,2,E009,86.4,1159,STOCK,CONSUMER
2026-03-14T09:32:00Z,2,E010,79.85,1340,STOCK,CONSUMER
2026-03-14T09:33:00Z,3,A001,234.21,467,STOCK,TECH
2026-03-14T09:33:00Z,3,A002,171.71,687,STOCK,TECH
2026-03-14T09:33:00Z,3,A003,143.04,1045,STOCK,TECH
2026-03-14T09:33:00Z,3,A004,189.41,773,STOCK,TECH
2026-03-14T09:33:00Z,3,A005,128.69,1090,STOCK,TECH
2026-03-14T09:33:00Z,3,A006,163.26,669,STOCK,TECH
2026-03-14T09:33:00Z,3,A007,201.38,1158,STOCK,TECH
2026-03-14T09:33:00Z,3,A008,116.06,893,STOCK,TECH
2026-03-14T09:33:00Z,3,A009,177.83,907,STOCK,TECH
2026-03-14T09:33:00Z,3,A010,148.18,896,STOCK,TECH
2026-03-14T09:33:00Z,3,B001,118.36,698,STOCK,FINANCE
2026-03-14T09:33:00Z,3,B002,98.97,913,STOCK,FINANCE
2026-03-14T09:33:00Z,3,B003,114.78,899,STOCK,FINANCE
2026-03-14T09:33:00Z,3,B004,126.94,1217,STOCK,FINANCE
2026-03-14T09:33:00Z,3,B005,104.24,1066,STOCK,FINANCE
2026-03-14T09:33:00Z,3,B006,92.67,980,STOCK,FINANCE
2026-03-14T09:33:00Z,3,B007,131.62,577,STOCK,FINANCE
2026-03-14T09:33:00Z,3,B008,109.92,1125,STOCK,FINANCE
2026-03-14T09:33:00Z,3,B009,88.37,1044,STOCK,FINANCE
2026-03-14T09:33:00Z,3,B010,122.33,1055,STOCK,FINANCE
2026-03-14T09:33:00Z,3,C001,141.8,1146,STOCK,HEALTHCARE
2026-03-14T09:33:00Z,3,C002,158.6,1365,STOCK,HEALTHCARE
2026-03-14T09:33:00Z,3,C003,121.46,1122,STOCK,HEALTHCARE
2026-03-14T09:33:00Z,3,C004,140.09,1170,STOCK,HEALTHCARE
2026-03-14T09:33:00Z,3,C005,167.53,537,STOCK,HEALTHCARE
2026-03-14T09:33:00Z,3,C006,112.98,1325,STOCK,HEALTHCARE
2026-03-14T09:33:00Z,3,C007,145.7,1516,STOCK,HEALTHCARE
2026-03-14T09:33:00Z,3,C008,128.76,1293,STOCK,HEALTHCARE
2026-03-14T09:33:00Z,3,C009,153.94,660,STOCK,HEALTHCARE
2026-03-14T09:33:00Z,3,C010,133.98,1229,STOCK,HEALTHCARE
2026-03-14T09:33:00Z,3,D001,101.82,586,STOCK,ENERGY
2026-03-14T09:33:00Z,3,D002,87.54,1314,STOCK,ENERGY
2026-03-14T09:33:00Z,3,D003,94.1,536,STOCK,ENERGY
2026-03-14T09:33:00Z,3,D004,111.75,1181,STOCK,ENERGY
2026-03-14T09:33:00Z,3,D005,89.55,955,STOCK,ENERGY
2026-03-14T09:33:00Z,3,D006,97.6,686,STOCK,ENERGY
2026-03-14T09:33:00Z,3,D007,105.18,1373,STOCK,ENERGY
2026-03-14T09:33:00Z,3,D008,83.7,1094,STOCK,ENERGY
2026-03-14T09:33:00Z,3,D009,98.63,716,STOCK,ENERGY
2026-03-14T09:33:00Z,3,D010,93.9,934,STOCK,ENERGY
2026-03-14T09:33:00Z,3,E001,91.55,733,STOCK,CONSUMER
2026-03-14T09:33:00Z,3,E002,84.56,683,STOCK,CONSUMER
2026-03-14T09:33:00Z,3,E003,96.41,698,STOCK,CONSUMER
2026-03-14T09:33:00Z,3,E004,78.48,1689,STOCK,CONSUMER
2026-03-14T09:33:00Z,3,E005,89.02,1021,STOCK,CONSUMER
2026-03-14T09:33:00Z,3,E006,82.55,669,STOCK,CONSUMER
2026-03-14T09:33:00Z,3,E007,93.98,1047,STOCK,CONSUMER
2026-03-14T09:33:00Z,3,E008,75.41,1472,STOCK,CONSUMER
2026-03-14T09:33:00Z,3,E009,86.33,1001,STOCK,CONSUMER
2026-03-14T09:33:00Z,3,E010,79.69,1306,STOCK,CONSUMER
2026-03-14T09:34:00Z,4,A001,234.62,594,STOCK,TECH
2026-03-14T09:34:00Z,4,A002,172.0,958,STOCK,TECH
2026-03-14T09:34:00Z,4,A003,143.07,1040,STOCK,TECH
2026-03-14T09:34:00Z,4,A004,189.89,524,STOCK,TECH
2026-03-14T09:34:00Z,4,A005,128.85,898,STOCK,TECH
2026-03-14T09:34:00Z,4,A006,163.57,676,STOCK,TECH
2026-03-14T09:34:00Z,4,A007,201.93,1413,STOCK,TECH
2026-03-14T09:34:00Z,4,A008,116.26,580,STOCK,TECH
2026-03-14T09:34:00Z,4,A009,178.09,862,STOCK,TECH
2026-03-14T09:34:00Z,4,A010,148.72,751,STOCK,TECH
2026-03-14T09:34:00Z,4,B001,118.49,701,STOCK,FINANCE
2026-03-14T09:34:00Z,4,B002,99.01,1000,STOCK,FINANCE
2026-03-14T09:34:00Z,4,B003,114.89,781,STOCK,FINANCE
2026-03-14T09:34:00Z,4,B004,127.27,947,STOCK,FINANCE
2026-03-14T09:34:00Z,4,B005,104.34,1338,STOCK,FINANCE
2026-03-14T09:34:00Z,4,B006,92.8,1037,STOCK,FINANCE
2026-03-14T09:34:00Z,4,B007,131.92,639,STOCK,FINANCE
2026-03-14T09:34:00Z,4,B008,109.94,926,STOCK,FINANCE
2026-03-14T09:34:00Z,4,B009,88.25,1115,STOCK,FINANCE
2026-03-14T09:34:00Z,4,B010,122.48,1135,STOCK,FINANCE
2026-03-14T09:34:00Z,4,C001,141.93,966,STOCK,HEALTHCARE
2026-03-14T09:34:00Z,4,C002,158.59,922,STOCK,HEALTHCARE
2026-03-14T09:34:00Z,4,C003,121.66,1705,STOCK,HEALTHCARE
2026-03-14T09:34:00Z,4,C004,140.28,958,STOCK,HEALTHCARE
2026-03-14T09:34:00Z,4,C005,167.44,611,STOCK,HEALTHCARE
2026-03-14T09:34:00Z,4,C006,113.12,1343,STOCK,HEALTHCARE
2026-03-14T09:34:00Z,4,C007,145.76,1348,STOCK,HEALTHCARE
2026-03-14T09:34:00Z,4,C008,128.61,1153,STOCK,HEALTHCARE
2026-03-14T09:34:00Z,4,C009,154.13,735,STOCK,HEALTHCARE
2026-03-14T09:34:00Z,4,C010,134.05,1024,STOCK,HEALTHCARE
2026-03-14T09:34:00Z,4,D001,101.83,526,STOCK,ENERGY
2026-03-14T09:34:00Z,4,D002,87.67,1310,STOCK,ENERGY
2026-03-14T09:34:00Z,4,D003,94.24,497,STOCK,ENERGY
2026-03-14T09:34:00Z,4,D004,111.78,768,STOCK,ENERGY
2026-03-14T09:34:00Z,4,D005,89.67,994,STOCK,ENERGY
2026-03-14T09:34:00Z,4,D006,97.81,655,STOCK,ENERGY
2026-03-14T09:34:00Z,4,D007,105.19,1470,STOCK,ENERGY
2026-03-14T09:34:00Z,4,D008,83.81,801,STOCK,ENERGY
2026-03-14T09:34:00Z,4,D009,98.72,749,STOCK,ENERGY
2026-03-14T09:34:00Z,4,D010,94.24,1531,STOCK,ENERGY
2026-03-14T09:34:00Z,4,E001,91.42,768,STOCK,CONSUMER
2026-03-14T09:34:00Z,4,E002,84.69,969,STOCK,CONSUMER
2026-03-14T09:34:00Z,4,E003,96.45,539,STOCK,CONSUMER
2026-03-14T09:34:00Z,4,E004,78.53,1088,STOCK,CONSUMER
2026-03-14T09:34:00Z,4,E005,89.29,943,STOCK,CONSUMER
2026-03-14T09:34:00Z,4,E006,82.61,743,STOCK,CONSUMER
2026-03-14T09:34:00Z,4,E007,94.31,1064,STOCK,CONSUMER
2026-03-14T09:34:00Z,4,E008,75.42,1092,STOCK,CONSUMER
2026-03-14T09:34:00Z,4,E009,86.43,1171,STOCK,CONSUMER
2026-03-14T09:34:00Z,4,E010,79.7,1256,STOCK,CONSUMER
2026-03-14T09:35:00Z,5,A001,234.27,584,STOCK,TECH
2026-03-14T09:35:00Z,5,A002,171.69,920,STOCK,TECH
2026-03-14T09:35:00Z,5,A003,142.9,1170,STOCK,TECH
2026-03-14T09:35:00Z,5,A004,189.11,742,STOCK,TECH
2026-03-14T09:35:00Z,5,A005,128.96,932,STOCK,TECH
2026-03-14T09:35:00Z,5,A006,163.3,658,STOCK,TECH
2026-03-14T09:35:00Z,5,A007,202.02,1096,STOCK,TECH
2026-03-14T09:35:00Z,5,A008,115.96,654,STOCK,TECH
2026-03-14T09:35:00Z,5,A009,177.88,867,STOCK,TECH
2026-03-14T09:35:00Z,5,A010,149.07,636,STOCK,TECH
2026-03-14T09:35:00Z,5,B001,118.23,639,STOCK,FINANCE
2026-03-14T09:35:00Z,5,B002,98.73,1026,STOCK,FINANCE
2026-03-14T09:35:00Z,5,B003,114.69,863,STOCK,FINANCE
2026-03-14T09:35:00Z,5,B004,127.19,944,STOCK,FINANCE
2026-03-14T09:35:00Z,5,B005,104.32,1120,STOCK,FINANCE
2026-03-14T09:35:00Z,5,B006,92.85,982,STOCK,FINANCE
2026-03-14T09:35:00Z,5,B007,131.73,695,STOCK,FINANCE
2026-03-14T09:35:00Z,5,B008,109.61,1040,STOCK,FINANCE
2026-03-14T09:35:00Z,5,B009,88.11,1185,STOCK,FINANCE
2026-03-14T09:35:00Z,5,B010,122.52,1229,STOCK,FINANCE
2026-03-14T09:35:00Z,5,C001,141.89,1362,STOCK,HEALTHCARE
2026-03-14T09:35:00Z,5,C002,158.07,1155,STOCK,HEALTHCARE
2026-03-14T09:35:00Z,5,C003,121.55,1218,STOCK,HEALTHCARE
2026-03-14T09:35:00Z,5,C004,140.39,1181,STOCK,HEALTHCARE
2026-03-14T09:35:00Z,5,C005,167.72,719,STOCK,HEALTHCARE
2026-03-14T09:35:00Z,5,C006,113.1,1320,STOCK,HEALTHCARE
2026-03-14T09:35:00Z,5,C007,145.69,1091,STOCK,HEALTHCARE
2026-03-14T09:35:00Z,5,C008,128.31,941,STOCK,HEALTHCARE
2026-03-14T09:35:00Z,5,C009,153.83,878,STOCK,HEALTHCARE
2026-03-14T09:35:00Z,5,C010,133.95,944,STOCK,HEALTHCARE
2026-03-14T09:35:00Z,5,D001,101.76,371,STOCK,ENERGY
2026-03-14T09:35:00Z,5,D002,87.62,1212,STOCK,ENERGY
2026-03-14T09:35:00Z,5,D003,94.07,655,STOCK,ENERGY
2026-03-14T09:35:00Z,5,D004,111.48,1262,STOCK,ENERGY
2026-03-14T09:35:00Z,5,D005,89.48,657,STOCK,ENERGY
2026-03-14T09:35:00Z,5,D006,97.55,844,STOCK,ENERGY
2026-03-14T09:35:00Z,5,D007,105.13,1018,STOCK,ENERGY
2026-03-14T09:35:00Z,5,D008,83.48,1078,STOCK,ENERGY
2026-03-14T09:35:00Z,5,D009,98.56,839,STOCK,ENERGY
2026-03-14T09:35:00Z,5,D010,94.18,1159,STOCK,ENERGY
2026-03-14T09:35:00Z,5,E001,91.49,529,STOCK,CONSUMER
2026-03-14T09:35:00Z,5,E002,84.61,859,STOCK,CONSUMER
2026-03-14T09:35:00Z,5,E003,96.46,535,STOCK,CONSUMER
2026-03-14T09:35:00Z,5,E004,78.42,1276,STOCK,CONSUMER
2026-03-14T09:35:00Z,5,E005,89.12,1343,STOCK,CONSUMER
2026-03-14T09:35:00Z,5,E006,82.46,735,STOCK,CONSUMER
2026-03-14T09:35:00Z,5,E007,94.38,1077,STOCK,CONSUMER
2026-03-14T09:35:00Z,5,E008,75.44,1257,STOCK,CONSUMER
2026-03-14T09:35:00Z,5,E009,86.39,1059,STOCK,CONSUMER
2026-03-14T09:35:00Z,5,E010,79.94,1413,STOCK,CONSUMER
2026-03-14T09:36:00Z,6,A001,234.44,461,STOCK,TECH
2026-03-14T09:36:00Z,6,A002,171.75,524,STOCK,TECH
2026-03-14T09:36:00Z,6,A003,142.86,1132,STOCK,TECH
2026-03-14T09:36:00Z,6,A004,189.63,577,STOCK,TECH
2026-03-14T09:36:00Z,6,A005,129.19,1044,STOCK,TECH
2026-03-14T09:36:00Z,6,A006,163.02,682,STOCK,TECH
2026-03-14T09:36:00Z,6,A007,201.92,1332,STOCK,TECH
2026-03-14T09:36:00Z,6,A008,116.02,749,STOCK,TECH
2026-03-14T09:36:00Z,6,A009,178.05,731,STOCK,TECH
2026-03-14T09:36:00Z,6,A010,148.83,747,STOCK,TECH
2026-03-14T09:36:00Z,6,B001,117.91,788,STOCK,FINANCE
2026-03-14T09:36:00Z,6,B002,98.5,1042,STOCK,FINANCE
2026-03-14T09:36:00Z,6,B003,114.68,807,STOCK,FINANCE
2026-03-14T09:36:00Z,6,B004,127.17,965,STOCK,FINANCE
2026-03-14T09:36:00Z,6,B005,104.36,1229,STOCK,FINANCE
2026-03-14T09:36:00Z,6,B006,92.76,1295,STOCK,FINANCE
2026-03-14T09:36:00Z,6,B007,131.54,622,STOCK,FINANCE
2026-03-14T09:36:00Z,6,B008,109.34,1147,STOCK,FINANCE
2026-03-14T09:36:00Z,6,B009,88.14,979,STOCK,FINANCE
2026-03-14T09:36:00Z,6,B010,122.57,1150,STOCK,FINANCE
2026-03-14T09:36:00Z,6,C001,142.06,1141,STOCK,HEALTHCARE
2026-03-14T09:36:00Z,6,C002,158.22,1051,STOCK,HEALTHCARE
2026-03-14T09:36:00Z,6,C003,121.52,1125,STOCK,HEALTHCARE
2026-03-14T09:36:00Z,6,C004,140.62,1139,STOCK,HEALTHCARE
2026-03-14T09:36:00Z,6,C005,167.69,532,STOCK,HEALTHCARE
2026-03-14T09:36:00Z,6,C006,113.01,1030,STOCK,HEALTHCARE
2026-03-14T09:36:00Z,6,C007,145.6,1636,STOCK,HEALTHCARE
2026-03-14T09:36:00Z,6,C008,128.22,1453,STOCK,HEALTHCARE
2026-03-14T09:36:00Z,6,C009,153.43,828,STOCK,HEALTHCARE
2026-03-14T09:36:00Z,6,C010,133.97,1186,STOCK,HEALTHCARE
2026-03-14T09:36:00Z,6,D001,101.79,562,STOCK,ENERGY
2026-03-14T09:36:00Z,6,D002,87.58,1200,STOCK,ENERGY
2026-03-14T09:36:00Z,6,D003,93.99,600,STOCK,ENERGY
2026-03-14T09:36:00Z,6,D004,111.53,1152,STOCK,ENERGY
2026-03-14T09:36:00Z,6,D005,89.66,877,STOCK,ENERGY
2026-03-14T09:36:00Z,6,D006,97.55,717,STOCK,ENERGY
2026-03-14T09:36:00Z,6,D007,105.07,1136,STOCK,ENERGY
2026-03-14T09:36:00Z,6,D008,83.42,865,STOCK,ENERGY
2026-03-14T09:36:00Z,6,D009,98.55,818,STOCK,ENERGY
2026-03-14T09:36:00Z,6,D010,94.04,1400,STOCK,ENERGY
2026-03-14T09:36:00Z,6,E001,91.48,762,STOCK,CONSUMER
2026-03-14T09:36:00Z,6,E002,84.62,743,STOCK,CONSUMER
2026-03-14T09:36:00Z,6,E003,96.67,623,STOCK,CONSUMER
2026-03-14T09:36:00Z,6,E004,78.51,1404,STOCK,CONSUMER
2026-03-14T09:36:00Z,6,E005,89.23,1045,STOCK,CONSUMER
2026-03-14T09:36:00Z,6,E006,82.39,532,STOCK,CONSUMER
2026-03-14T09:36:00Z,6,E007,94.46,1113,STOCK,CONSUMER
2026-03-14T09:36:00Z,6,E008,75.34,1411,STOCK,CONSUMER
2026-03-14T09:36:00Z,6,E009,86.42,763,STOCK,CONSUMER
2026-03-14T09:36:00Z,6,E010,79.98,1211,STOCK,CONSUMER
2026-03-14T09:37:00Z,7,A001,234.59,527,STOCK,TECH
2026-03-14T09:37:00Z,7,A002,171.58,635,STOCK,TECH
2026-03-14T09:37:00Z,7,A003,142.31,1189,STOCK,TECH
2026-03-14T09:37:00Z,7,A004,189.42,568,STOCK,TECH
2026-03-14T09:37:00Z,7,A005,128.91,993,STOCK,TECH
2026-03-14T09:37:00Z,7,A006,162.76,646,STOCK,TECH
2026-03-14T09:37:00Z,7,A007,201.66,1302,STOCK,TECH
2026-03-14T09:37:00Z,7,A008,115.9,654,STOCK,TECH
2026-03-14T09:37:00Z,7,A009,177.31,890,STOCK,TECH
2026-03-14T09:37:00Z,7,A010,148.38,766,STOCK,TECH
2026-03-14T09:37:00Z,7,B001,117.87,489,STOCK,FINANCE
2026-03-14T09:37:00Z,7,B002,98.54,901,STOCK,FINANCE
2026-03-14T09:37:00Z,7,B003,114.8,839,STOCK,FINANCE
2026-03-14T09:37:00Z,7,B004,127.28,977,STOCK,FINANCE
2026-03-14T09:37:00Z,7,B005,103.98,1533,STOCK,FINANCE
2026-03-14T09:37:00Z,7,B006,92.74,995,STOCK,FINANCE
2026-03-14T09:37:00Z,7,B007,131.07,631,STOCK,FINANCE
2026-03-14T09:37:00Z,7,B008,109.42,1048,STOCK,FINANCE
2026-03-14T09:37:00Z,7,B009,88.07,1170,STOCK,FINANCE
2026-03-14T09:37:00Z,7,B010,122.25,1133,STOCK,FINANCE
2026-03-14T09:37:00Z,7,C001,142.27,978,STOCK,HEALTHCARE
2026-03-14T09:37:00Z,7,C002,158.18,908,STOCK,HEALTHCARE
2026-03-14T09:37:00Z,7,C003,121.13,1304,STOCK,HEALTHCARE
2026-03-14T09:37:00Z,7,C004,140.53,834,STOCK,HEALTHCARE
2026-03-14T09:37:00Z,7,C005,167.37,611,STOCK,HEALTHCARE
2026-03-14T09:37:00Z,7,C006,112.92,1173,STOCK,HEALTHCARE
2026-03-14T09:37:00Z,7,C007,145.38,1234,STOCK,HEALTHCARE
2026-03-14T09:37:00Z,7,C008,128.31,1350,STOCK,HEALTHCARE
2026-03-14T09:37:00Z,7,C009,153.01,707,STOCK,HEALTHCARE
2026-03-14T09:37:00Z,7,C010,133.9,1034,STOCK,HEALTHCARE
2026-03-14T09:37:00Z,7,D001,101.87,558,STOCK,ENERGY
2026-03-14T09:37:00Z,7,D002,87.37,1311,STOCK,ENERGY
2026-03-14T09:37:00Z,7,D003,93.88,640,STOCK,ENERGY
2026-03-14T09:37:00Z,7,D004,111.39,899,STOCK,ENERGY
2026-03-14T09:37:00Z,7,D005,89.47,980,STOCK,ENERGY
2026-03-14T09:37:00Z,7,D006,97.49,586,STOCK,ENERGY
2026-03-14T09:37:00Z,7,D007,104.93,1076,STOCK,ENERGY
2026-03-14T09:37:00Z,7,D008,83.22,876,STOCK,ENERGY
2026-03-14T09:37:00Z,7,D009,98.62,845,STOCK,ENERGY
2026-03-14T09:37:00Z,7,D010,94.0,1261,STOCK,ENERGY
2026-03-14T09:37:00Z,7,E001,91.35,551,STOCK,CONSUMER
2026-03-14T09:37:00Z,7,E002,84.46,865,STOCK,CONSUMER
2026-03-14T09:37:00Z,7,E003,96.46,673,STOCK,CONSUMER
2026-03-14T09:37:00Z,7,E004,78.54,934,STOCK,CONSUMER
2026-03-14T09:37:00Z,7,E005,89.11,1284,STOCK,CONSUMER
2026-03-14T09:37:00Z,7,E006,82.34,660,STOCK,CONSUMER
2026-03-14T09:37:00Z,7,E007,94.33,1024,STOCK,CONSUMER
2026-03-14T09:37:00Z,7,E008,75.32,1184,STOCK,CONSUMER
2026-03-14T09:37:00Z,7,E009,86.31,1057,STOCK,CONSUMER
2026-03-14T09:37:00Z,7,E010,79.97,1388,STOCK,CONSUMER
2026-03-14T09:38:00Z,8,A001,234.74,543,STOCK,TECH
2026-03-14T09:38:00Z,8,A002,171.66,728,STOCK,TECH
2026-03-14T09:38:00Z,8,A003,142.24,1013,STOCK,TECH
2026-03-14T09:38:00Z,8,A004,189.15,443,STOCK,TECH
2026-03-14T09:38:00Z,8,A005,128.72,882,STOCK,TECH
2026-03-14T09:38:00Z,8,A006,162.56,601,STOCK,TECH
2026-03-14T09:38:00Z,8,A007,201.34,1538,STOCK,TECH
2026-03-14T09:38:00Z,8,A008,115.98,466,STOCK,TECH
2026-03-14T09:38:00Z,8,A009,177.24,861,STOCK,TECH
2026-03-14T09:38:00Z,8,A010,148.61,762,STOCK,TECH
2026-03-14T09:38:00Z,8,B001,118.16,645,STOCK,FINANCE
2026-03-14T09:38:00Z,8,B002,98.52,841,STOCK,FINANCE
2026-03-14T09:38:00Z,8,B003,114.56,1012,STOCK,FINANCE
2026-03-14T09:38:00Z,8,B004,127.19,1282,STOCK,FINANCE
2026-03-14T09:38:00Z,8,B005,103.94,1072,STOCK,FINANCE
2026-03-14T09:38:00Z,8,B006,92.55,1177,STOCK,FINANCE
2026-03-14T09:38:00Z,8,B007,130.99,473,STOCK,FINANCE
2026-03-14T09:38:00Z,8,B008,109.43,724,STOCK,FINANCE
2026-03-14T09:38:00Z,8,B009,88.0,955,STOCK,FINANCE
2026-03-14T09:38:00Z,8,B010,122.1,958,STOCK,FINANCE
2026-03-14T09:38:00Z,8,C001,142.11,1254,STOCK,HEALTHCARE
2026-03-14T09:38:00Z,8,C002,158.48,1219,STOCK,HEALTHCARE
2026-03-14T09:38:00Z,8,C003,121.08,1272,STOCK,HEALTHCARE
2026-03-14T09:38:00Z,8,C004,140.36,956,STOCK,HEALTHCARE
2026-03-14T09:38:00Z,8,C005,167.26,446,STOCK,HEALTHCARE
2026-03-14T09:38:00Z,8,C006,113.03,1254,STOCK,HEALTHCARE
2026-03-14T09:38:00Z,8,C007,145.23,1330,STOCK,HEALTHCARE
2026-03-14T09:38:00Z,8,C008,128.36,1484,STOCK,HEALTHCARE
2026-03-14T09:38:00Z,8,C009,153.11,767,STOCK,HEALTHCARE
2026-03-14T09:38:00Z,8,C010,133.99,1154,STOCK,HEALTHCARE
2026-03-14T09:38:00Z,8,D001,102.01,451,STOCK,ENERGY
2026-03-14T09:38:00Z,8,D002,87.29,1414,STOCK,ENERGY
2026-03-14T09:38:00Z,8,D003,93.98,471,STOCK,ENERGY
2026-03-14T09:38:00Z,8,D004,111.25,1174,STOCK,ENERGY
2026-03-14T09:38:00Z,8,D005,89.4,1200,STOCK,ENERGY
2026-03-14T09:38:00Z,8,D006,97.6,589,STOCK,ENERGY
2026-03-14T09:38:00Z,8,D007,105.0,1126,STOCK,ENERGY
2026-03-14T09:38:00Z,8,D008,83.2,1106,STOCK,ENERGY
2026-03-14T09:38:00Z,8,D009,98.45,977,STOCK,ENERGY
2026-03-14T09:38:00Z,8,D010,94.04,867,STOCK,ENERGY
2026-03-14T09:38:00Z,8,E001,91.26,841,STOCK,CONSUMER
2026-03-14T09:38:00Z,8,E002,84.35,837,STOCK,CONSUMER
2026-03-14T09:38:00Z,8,E003,96.36,582,STOCK,CONSUMER
2026-03-14T09:38:00Z,8,E004,78.55,1117,STOCK,CONSUMER
2026-03-14T09:38:00Z,8,E005,88.86,1233,STOCK,CONSUMER
2026-03-14T09:38:00Z,8,E006,82.36,776,STOCK,CONSUMER
2026-03-14T09:38:00Z,8,E007,94.33,1015,STOCK,CONSUMER
2026-03-14T09:38:00Z,8,E008,75.25,1390,STOCK,CONSUMER
2026-03-14T09:38:00Z,8,E009,86.4,1143,STOCK,CONSUMER
2026-03-14T09:38:00Z,8,E010,80.01,1361,STOCK,CONSUMER
2026-03-14T09:39:00Z,9,A001,234.23,506,STOCK,TECH
2026-03-14T09:39:00Z,9,A002,171.58,705,STOCK,TECH
2026-03-14T09:39:00Z,9,A003,141.81,1228,STOCK,TECH
2026-03-14T09:39:00Z,9,A004,188.81,517,STOCK,TECH
2026-03-14T09:39:00Z,9,A005,128.45,1195,STOCK,TECH
2026-03-14T09:39:00Z,9,A006,162.37,722,STOCK,TECH
2026-03-14T09:39:00Z,9,A007,201.1,1206,STOCK,TECH
2026-03-14T09:39:00Z,9,A008,115.85,700,STOCK,TECH
2026-03-14T09:39:00Z,9,A009,177.24,1008,STOCK,TECH
2026-03-14T09:39:00Z,9,A010,148.46,923,STOCK,TECH
2026-03-14T09:39:00Z,9,B001,118.0,638,STOCK,FINANCE
2026-03-14T09:39:00Z,9,B002,98.29,1222,STOCK,FINANCE
2026-03-14T09:39:00Z,9,B003,114.55,899,STOCK,FINANCE
2026-03-14T09:39:00Z,9,B004,127.14,952,STOCK,FINANCE
2026-03-14T09:39:00Z,9,B005,104.02,1196,STOCK,FINANCE
2026-03-14T09:39:00Z,9,B006,92.39,1325,STOCK,FINANCE
2026-03-14T09:39:00Z,9,B007,130.86,431,STOCK,FINANCE
2026-03-14T09:39:00Z,9,B008,109.32,1102,STOCK,FINANCE
2026-03-14T09:39:00Z,9,B009,87.91,869,STOCK,FINANCE
2026-03-14T09:39:00Z,9,B010,121.98,957,STOCK,FINANCE
2026-03-14T09:39:00Z,9,C001,141.71,1246,STOCK,HEALTHCARE
2026-03-14T09:39:00Z,9,C002,158.51,856,STOCK,HEALTHCARE
2026-03-14T09:39:00Z,9,C003,121.09,1056,STOCK,HEALTHCARE
2026-03-14T09:39:00Z,9,C004,140.44,1255,STOCK,HEALTHCARE
2026-03-14T09:39:00Z,9,C005,167.58,593,STOCK,HEALTHCARE
2026-03-14T09:39:00Z,9,C006,112.9,1392,STOCK,HEALTHCARE
2026-03-14T09:39:00Z,9,C007,145.11,1002,STOCK,HEALTHCARE
2026-03-14T09:39:00Z,9,C008,128.26,1515,STOCK,HEALTHCARE
2026-03-14T09:39:00Z,9,C009,153.34,717,STOCK,HEALTHCARE
2026-03-14T09:39:00Z,9,C010,133.61,1080,STOCK,HEALTHCARE
2026-03-14T09:39:00Z,9,D001,101.95,510,STOCK,ENERGY
2026-03-14T09:39:00Z,9,D002,87.04,1456,STOCK,ENERGY
2026-03-14T09:39:00Z,9,D003,93.59,535,STOCK,ENERGY
2026-03-14T09:39:00Z,9,D004,110.85,1212,STOCK,ENERGY
2026-03-14T09:39:00Z,9,D005,89.16,921,STOCK,ENERGY
2026-03-14T09:39:00Z,9,D006,97.62,673,STOCK,ENERGY
2026-03-14T09:39:00Z,9,D007,104.77,1201,STOCK,ENERGY
2026-03-14T09:39:00Z,9,D008,83.09,898,STOCK,ENERGY
2026-03-14T09:39:00Z,9,D009,98.21,842,STOCK,ENERGY
2026-03-14T09:39:00Z,9,D010,94.01,1235,STOCK,ENERGY
2026-03-14T09:39:00Z,9,E001,91.05,687,STOCK,CONSUMER
2026-03-14T09:39:00Z,9,E002,84.41,758,STOCK,CONSUMER
2026-03-14T09:39:00Z,9,E003,96.15,670,STOCK,CONSUMER
2026-03-14T09:39:00Z,9,E004,78.41,1189,STOCK,CONSUMER
2026-03-14T09:39:00Z,9,E005,88.79,1061,STOCK,CONSUMER
2026-03-14T09:39:00Z,9,E006,82.29,600,STOCK,CONSUMER
2026-03-14T09:39:00Z,9,E007,94.4,1256,STOCK,CONSUMER
2026-03-14T09:39:00Z,9,E008,75.2,1057,STOCK,CONSUMER
2026-03-14T09:39:00Z,9,E009,86.2,1139,STOCK,CONSUMER
2026-03-14T09:39:00Z,9,E010,79.89,1453,STOCK,CONSUMER
2026-03-14T09:40:00Z,10,A001,234.13,570,STOCK,TECH
2026-03-14T09:40:00Z,10,A002,171.45,619,STOCK,TECH
2026-03-14T09:40:00Z,10,A003,141.62,1057,STOCK,TECH
2026-03-14T09:40:00Z,10,A004,188.76,542,STOCK,TECH
2026-03-14T09:40:00Z,10,A005,128.21,983,STOCK,TECH
2026-03-14T09:40:00Z,10,A006,162.15,859,STOCK,TECH
2026-03-14T09:40:00Z,10,A007,200.87,1400,STOCK,TECH
2026-03-14T09:40:00Z,10,A008,115.93,718,STOCK,TECH
2026-03-14T09:40:00Z,10,A009,176.99,900,STOCK,TECH
2026-03-14T09:40:00Z,10,A010,148.22,831,STOCK,TECH
2026-03-14T09:40:00Z,10,B001,117.74,789,STOCK,FINANCE
2026-03-14T09:40:00Z,10,B002,98.29,804,STOCK,FINANCE
2026-03-14T09:40:00Z,10,B003,114.37,730,STOCK,FINANCE
2026-03-14T09:40:00Z,10,B004,127.07,1195,STOCK,FINANCE
2026-03-14T09:40:00Z,10,B005,103.69,1203,STOCK,FINANCE
2026-03-14T09:40:00Z,10,B006,92.43,964,STOCK,FINANCE
2026-03-14T09:40:00Z,10,B007,130.53,792,STOCK,FINANCE
2026-03-14T09:40:00Z,10,B008,109.12,1097,STOCK,FINANCE
2026-03-14T09:40:00Z,10,B009,87.95,983,STOCK,FINANCE
2026-03-14T09:40:00Z,10,B010,121.67,1252,STOCK,FINANCE
2026-03-14T09:40:00Z,10,C001,141.6,1044,STOCK,HEALTHCARE
2026-03-14T09:40:00Z,10,C002,158.4,1110,STOCK,HEALTHCARE
2026-03-14T09:40:00Z,10,C003,120.86,1457,STOCK,HEALTHCARE
2026-03-14T09:40:00Z,10,C004,140.56,1059,STOCK,HEALTHCARE
2026-03-14T09:40:00Z,10,C005,167.76,598,STOCK,HEALTHCARE
2026-03-14T09:40:00Z,10,C006,112.55,1510,STOCK,HEALTHCARE
2026-03-14T09:40:00Z,10,C007,144.75,1064,STOCK,HEALTHCARE
2026-03-14T09:40:00Z,10,C008,128.29,1396,STOCK,HEALTHCARE
2026-03-14T09:40:00Z,10,C009,152.98,574,STOCK,HEALTHCARE
2026-03-14T09:40:00Z,10,C010,133.46,1462,STOCK,HEALTHCARE
2026-03-14T09:40:00Z,10,D001,101.86,406,STOCK,ENERGY
2026-03-14T09:40:00Z,10,D002,87.02,1488,STOCK,ENERGY
2026-03-14T09:40:00Z,10,D003,93.47,549,STOCK,ENERGY
2026-03-14T09:40:00Z,10,D004,110.74,987,STOCK,ENERGY
2026-03-14T09:40:00Z,10,D005,88.99,886,STOCK,ENERGY
2026-03-14T09:40:00Z,10,D006,97.67,537,STOCK,ENERGY
2026-03-14T09:40:00Z,10,D007,104.6,1224,STOCK,ENERGY
2026-03-14T09:40:00Z,10,D008,83.04,1035,STOCK,ENERGY
2026-03-14T09:40:00Z,10,D009,98.05,761,STOCK,ENERGY
2026-03-14T09:40:00Z,10,D010,93.93,1321,STOCK,ENERGY
2026-03-14T09:40:00Z,10,E001,90.95,752,STOCK,CONSUMER
2026-03-14T09:40:00Z,10,E002,84.32,811,STOCK,CONSUMER
2026-03-14T09:40:00Z,10,E003,95.95,574,STOCK,CONSUMER
2026-03-14T09:40:00Z,10,E004,78.42,1549,STOCK,CONSUMER
2026-03-14T09:40:00Z,10,E005,88.86,1105,STOCK,CONSUMER
2026-03-14T09:40:00Z,10,E006,82.25,546,STOCK,CONSUMER
2026-03-14T09:40:00Z,10,E007,94.4,995,STOCK,CONSUMER
2026-03-14T09:40:00Z,10,E008,75.22,1064,STOCK,CONSUMER
2026-03-14T09:40:00Z,10,E009,86.22,1048,STOCK,CONSUMER
2026-03-14T09:40:00Z,10,E010,79.85,1614,STOCK,CONSUMER
2026-03-14T09:41:00Z,11,A001,234.51,624,STOCK,TECH
2026-03-14T09:41:00Z,11,A002,171.56,619,STOCK,TECH
2026-03-14T09:41:00Z,11,A003,141.53,929,STOCK,TECH
2026-03-14T09:41:00Z,11,A004,188.88,658,STOCK,TECH
2026-03-14T09:41:00Z,11,A005,127.99,1105,STOCK,TECH
2026-03-14T09:41:00Z,11,A006,162.23,602,STOCK,TECH
2026-03-14T09:41:00Z,11,A007,201.09,1567,STOCK,TECH
2026-03-14T09:41:00Z,11,A008,116.16,794,STOCK,TECH
2026-03-14T09:41:00Z,11,A009,177.12,1019,STOCK,TECH
2026-03-14T09:41:00Z,11,A010,148.46,640,STOCK,TECH
2026-03-14T09:41:00Z,11,B001,117.79,675,STOCK,FINANCE
2026-03-14T09:41:00Z,11,B002,98.21,980,STOCK,FINANCE
2026-03-14T09:41:00Z,11,B003,114.22,754,STOCK,FINANCE
2026-03-14T09:41:00Z,11,B004,126.98,1074,STOCK,FINANCE
2026-03-14T09:41:00Z,11,B005,103.56,1073,STOCK,FINANCE
2026-03-14T09:41:00Z,11,B006,92.53,1044,STOCK,FINANCE
2026-03-14T09:41:00Z,11,B007,130.55,550,STOCK,FINANCE
2026-03-14T09:41:00Z,11,B008,109.24,772,STOCK,FINANCE
2026-03-14T09:41:00Z,11,B009,87.99,745,STOCK,FINANCE
2026-03-14T09:41:00Z,11,B010,121.87,1179,STOCK,FINANCE
2026-03-14T09:41:00Z,11,C001,141.82,1081,STOCK,HEALTHCARE
2026-03-14T09:41:00Z,11,C002,158.33,1250,STOCK,HEALTHCARE
2026-03-14T09:41:00Z,11,C003,120.86,1506,STOCK,HEALTHCARE
2026-03-14T09:41:00Z,11,C004,140.52,1273,STOCK,HEALTHCARE
2026-03-14T09:41:00Z,11,C005,167.49,640,STOCK,HEALTHCARE
2026-03-14T09:41:00Z,11,C006,112.68,1387,STOCK,HEALTHCARE
2026-03-14T09:41:00Z,11,C007,145.0,1356,STOCK,HEALTHCARE
2026-03-14T09:41:00Z,11,C008,128.33,1158,STOCK,HEALTHCARE
2026-03-14T09:41:00Z,11,C009,152.94,599,STOCK,HEALTHCARE
2026-03-14T09:41:00Z,11,C010,133.68,1244,STOCK,HEALTHCARE
2026-03-14T09:41:00Z,11,D001,101.62,538,STOCK,ENERGY
2026-03-14T09:41:00Z,11,D002,87.08,1064,STOCK,ENERGY
2026-03-14T09:41:00Z,11,D003,93.53,474,STOCK,ENERGY
2026-03-14T09:41:00Z,11,D004,110.72,899,STOCK,ENERGY
2026-03-14T09:41:00Z,11,D005,89.18,988,STOCK,ENERGY
2026-03-14T09:41:00Z,11,D006,97.83,738,STOCK,ENERGY
2026-03-14T09:41:00Z,11,D007,104.62,1172,STOCK,ENERGY
2026-03-14T09:41:00Z,11,D008,83.07,920,STOCK,ENERGY
2026-03-14T09:41:00Z,11,D009,98.05,678,STOCK,ENERGY
2026-03-14T09:41:00Z,11,D010,93.91,1266,STOCK,ENERGY
2026-03-14T09:41:00Z,11,E001,90.84,695,STOCK,CONSUMER
2026-03-14T09:41:00Z,11,E002,84.49,1036,STOCK,CONSUMER
2026-03-14T09:41:00Z,11,E003,96.11,668,STOCK,CONSUMER
2026-03-14T09:41:00Z,11,E004,78.52,1189,STOCK,CONSUMER
2026-03-14T09:41:00Z,11,E005,88.78,1074,STOCK,CONSUMER
2026-03-14T09:41:00Z,11,E006,82.49,936,STOCK,CONSUMER
2026-03-14T09:41:00Z,11,E007,94.66,1028,STOCK,CONSUMER
2026-03-14T09:41:00Z,11,E008,75.26,1529,STOCK,CONSUMER
2026-03-14T09:41:00Z,11,E009,86.16,968,STOCK,CONSUMER
2026-03-14T09:41:00Z,11,E010,79.8,1281,STOCK,CONSUMER
2026-03-14T09:42:00Z,12,A001,234.5,450,STOCK,TECH
2026-03-14T09:42:00Z,12,A002,171.72,843,STOCK,TECH
2026-03-14T09:42:00Z,12,A003,141.85,1130,STOCK,TECH
2026-03-14T09:42:00Z,12,A004,188.74,612,STOCK,TECH
2026-03-14T09:42:00Z,12,A005,128.43,1166,STOCK,TECH
2026-03-14T09:42:00Z,12,A006,162.69,567,STOCK,TECH
2026-03-14T09:42:00Z,12,A007,201.01,1576,STOCK,TECH
2026-03-14T09:42:00Z,12,A008,116.07,832,STOCK,TECH
2026-03-14T09:42:00Z,12,A009,177.24,972,STOCK,TECH
2026-03-14T09:42:00Z,12,A010,148.42,664,STOCK,TECH
2026-03-14T09:42:00Z,12,B001,117.84,604,STOCK,FINANCE
2026-03-14T09:42:00Z,12,B002,97.98,895,STOCK,FINANCE
2026-03-14T09:42:00Z,12,B003,114.27,851,STOCK,FINANCE
2026-03-14T09:42:00Z,12,B004,127.35,1376,STOCK,FINANCE
2026-03-14T09:42:00Z,12,B005,103.5,1196,STOCK,FINANCE
2026-03-14T09:42:00Z,12,B006,92.56,986,STOCK,FINANCE
2026-03-14T09:42:00Z,12,B007,130.42,714,STOCK,FINANCE
2026-03-14T09:42:00Z,12,B008,109.4,989,STOCK,FINANCE
2026-03-14T09:42:00Z,12,B009,88.03,1415,STOCK,FINANCE
2026-03-14T09:42:00Z,12,B010,122.25,1173,STOCK,FINANCE
2026-03-14T09:42:00Z,12,C001,141.94,1204,STOCK,HEALTHCARE
2026-03-14T09:42:00Z,12,C002,158.36,1205,STOCK,HEALTHCARE
2026-03-14T09:42:00Z,12,C003,121.01,1159,STOCK,HEALTHCARE
2026-03-14T09:42:00Z,12,C004,140.52,1215,STOCK,HEALTHCARE
2026-03-14T09:42:00Z,12,C005,167.32,584,STOCK,HEALTHCARE
2026-03-14T09:42:00Z,12,C006,112.79,1520,STOCK,HEALTHCARE
2026-03-14T09:42:00Z,12,C007,145.06,1103,STOCK,HEALTHCARE
2026-03-14T09:42:00Z,12,C008,128.43,1345,STOCK,HEALTHCARE
2026-03-14T09:42:00Z,12,C009,153.1,716,STOCK,HEALTHCARE
2026-03-14T09:42:00Z,12,C010,133.67,1052,STOCK,HEALTHCARE
2026-03-14T09:42:00Z,12,D001,101.76,371,STOCK,ENERGY
2026-03-14T09:42:00Z,12,D002,87.33,1481,STOCK,ENERGY
2026-03-14T09:42:00Z,12,D003,93.49,478,STOCK,ENERGY
2026-03-14T09:42:00Z,12,D004,111.05,1015,STOCK,ENERGY
2026-03-14T09:42:00Z,12,D005,89.23,806,STOCK,ENERGY
2026-03-14T09:42:00Z,12,D006,97.82,584,STOCK,ENERGY
2026-03-14T09:42:00Z,12,D007,105.02,1310,STOCK,ENERGY
2026-03-14T09:42:00Z,12,D008,83.15,1033,STOCK,ENERGY
2026-03-14T09:42:00Z,12,D009,98.29,960,STOCK,ENERGY
2026-03-14T09:42:00Z,12,D010,94.08,1092,STOCK,ENERGY
2026-03-14T09:42:00Z,12,E001,90.72,477,STOCK,CONSUMER
2026-03-14T09:42:00Z,12,E002,84.56,930,STOCK,CONSUMER
2026-03-14T09:42:00Z,12,E003,96.12,501,STOCK,CONSUMER
2026-03-14T09:42:00Z,12,E004,78.44,1689,STOCK,CONSUMER
2026-03-14T09:42:00Z,12,E005,88.65,1297,STOCK,CONSUMER
2026-03-14T09:42:00Z,12,E006,82.56,524,STOCK,CONSUMER
2026-03-14T09:42:00Z,12,E007,94.8,851,STOCK,CONSUMER
2026-03-14T09:42:00Z,12,E008,75.34,930,STOCK,CONSUMER
2026-03-14T09:42:00Z,12,E009,86.19,705,STOCK,CONSUMER
2026-03-14T09:42:00Z,12,E010,79.78,1389,STOCK,CONSUMER
2026-03-14T09:43:00Z,13,A001,233.81,595,STOCK,TECH
2026-03-14T09:43:00Z,13,A002,171.14,776,STOCK,TECH
2026-03-14T09:43:00Z,13,A003,141.52,1182,STOCK,TECH
2026-03-14T09:43:00Z,13,A004,188.3,677,STOCK,TECH
2026-03-14T09:43:00Z,13,A005,128.01,1070,STOCK,TECH
2026-03-14T09:43:00Z,13,A006,162.3,684,STOCK,TECH
2026-03-14T09:43:00Z,13,A007,200.35,1341,STOCK,TECH
2026-03-14T09:43:00Z,13,A008,115.84,592,STOCK,TECH
2026-03-14T09:43:00Z,13,A009,176.95,1217,STOCK,TECH
2026-03-14T09:43:00Z,13,A010,148.14,979,STOCK,TECH
2026-03-14T09:43:00Z,13,B001,117.72,642,STOCK,FINANCE
2026-03-14T09:43:00Z,13,B002,97.64,1017,STOCK,FINANCE
2026-03-14T09:43:00Z,13,B003,114.04,776,STOCK,FINANCE
2026-03-14T09:43:00Z,13,B004,127.18,1336,STOCK,FINANCE
2026-03-14T09:43:00Z,13,B005,103.42,1169,STOCK,FINANCE
2026-03-14T09:43:00Z,13,B006,92.25,1425,STOCK,FINANCE
2026-03-14T09:43:00Z,13,B007,130.22,611,STOCK,FINANCE
2026-03-14T09:43:00Z,13,B008,109.39,787,STOCK,FINANCE
2026-03-14T09:43:00Z,13,B009,87.88,1189,STOCK,FINANCE
2026-03-14T09:43:00Z,13,B010,122.04,1186,STOCK,FINANCE
2026-03-14T09:43:00Z,13,C001,141.84,1025,STOCK,HEALTHCARE
2026-03-14T09:43:00Z,13,C002,158.19,1529,STOCK,HEALTHCARE
2026-03-14T09:43:00Z,13,C003,120.96,1094,STOCK,HEALTHCARE
2026-03-14T09:43:00Z,13,C004,140.35,905,STOCK,HEALTHCARE
2026-03-14T09:43:00Z,13,C005,167.13,514,STOCK,HEALTHCARE
2026-03-14T09:43:00Z,13,C006,112.55,1199,STOCK,HEALTHCARE
2026-03-14T09:43:00Z,13,C007,144.85,1459,STOCK,HEALTHCARE
2026-03-14T09:43:00Z,13,C008,128.46,1272,STOCK,HEALTHCARE
2026-03-14T09:43:00Z,13,C009,152.86,519,STOCK,HEALTHCARE
2026-03-14T09:43:00Z,13,C010,133.48,1062,STOCK,HEALTHCARE
2026-03-14T09:43:00Z,13,D001,101.51,493,STOCK,ENERGY
2026-03-14T09:43:00Z,13,D002,87.26,1399,STOCK,ENERGY
2026-03-14T09:43:00Z,13,D003,93.22,624,STOCK,ENERGY
2026-03-14T09:43:00Z,13,D004,110.96,722,STOCK,ENERGY
2026-03-14T09:43:00Z,13,D005,88.97,783,STOCK,ENERGY
2026-03-14T09:43:00Z,13,D006,97.52,744,STOCK,ENERGY
2026-03-14T09:43:00Z,13,D007,104.85,1263,STOCK,ENERGY
2026-03-14T09:43:00Z,13,D008,83.02,1050,STOCK,ENERGY
2026-03-14T09:43:00Z,13,D009,98.15,751,STOCK,ENERGY
2026-03-14T09:43:00Z,13,D010,94.03,1097,STOCK,ENERGY
2026-03-14T09:43:00Z,13,E001,90.54,641,STOCK,CONSUMER
2026-03-14T09:43:00Z,13,E002,84.48,756,STOCK,CONSUMER
2026-03-14T09:43:00Z,13,E003,95.86,611,STOCK,CONSUMER
2026-03-14T09:43:00Z,13,E004,78.45,899,STOCK,CONSUMER
2026-03-14T09:43:00Z,13,E005,88.58,1281,STOCK,CONSUMER
2026-03-14T09:43:00Z,13,E006,82.49,701,STOCK,CONSUMER
2026-03-14T09:43:00Z,13,E007,94.67,1218,STOCK,CONSUMER
2026-03-14T09:43:00Z,13,E008,75.17,1401,STOCK,CONSUMER
2026-03-14T09:43:00Z,13,E009,86.03,838,STOCK,CONSUMER
2026-03-14T09:43:00Z,13,E010,79.72,1269,STOCK,CONSUMER
2026-03-14T09:44:00Z,14,A001,233.85,448,STOCK,TECH
2026-03-14T09:44:00Z,14,A002,170.86,615,STOCK,TECH
2026-03-14T09:44:00Z,14,A003,141.55,1083,STOCK,TECH
2026-03-14T09:44:00Z,14,A004,188.15,655,STOCK,TECH
2026-03-14T09:44:00Z,14,A005,127.85,1089,STOCK,TECH
2026-03-14T09:44:00Z,14,A006,162.27,557,STOCK,TECH
2026-03-14T09:44:00Z,14,A007,199.91,1544,STOCK,TECH
2026-03-14T09:44:00Z,14,A008,115.94,639,STOCK,TECH
2026-03-14T09:44:00Z,14,A009,177.13,999,STOCK,TECH
2026-03-14T09:44:00Z,14,A010,148.13,612,STOCK,TECH
2026-03-14T09:44:00Z,14,B001,117.58,639,STOCK,FINANCE
2026-03-14T09:44:00Z,14,B002,97.53,811,STOCK,FINANCE
2026-03-14T09:44:00Z,14,B003,114.02,805,STOCK,FINANCE
2026-03-14T09:44:00Z,14,B004,126.81,846,STOCK,FINANCE
2026-03-14T09:44:00Z,14,B005,103.44,1338,STOCK,FINANCE
2026-03-14T09:44:00Z,14,B006,92.32,1033,STOCK,FINANCE
2026-03-14T09:44:00Z,14,B007,130.17,470,STOCK,FINANCE
2026-03-14T09:44:00Z,14,B008,109.33,1088,STOCK,FINANCE
2026-03-14T09:44:00Z,14,B009,87.9,915,STOCK,FINANCE
2026-03-14T09:44:00Z,14,B010,122.09,1309,STOCK,FINANCE
2026-03-14T09:44:00Z,14,C001,142.03,1262,STOCK,HEALTHCARE
2026-03-14T09:44:00Z,14,C002,158.2,1383,STOCK,HEALTHCARE
2026-03-14T09:44:00Z,14,C003,120.86,1418,STOCK,HEALTHCARE
2026-03-14T09:44:00Z,14,C004,140.27,1357,STOCK,HEALTHCARE
2026-03-14T09:44:00Z,14,C005,167.17,639,STOCK,HEALTHCARE
2026-03-14T09:44:00Z,14,C006,112.76,1502,STOCK,HEALTHCARE
2026-03-14T09:44:00Z,14,C007,144.8,1362,STOCK,HEALTHCARE
2026-03-14T09:44:00Z,14,C008,128.3,1469,STOCK,HEALTHCARE
2026-03-14T09:44:00Z,14,C009,152.7,740,STOCK,HEALTHCARE
2026-03-14T09:44:00Z,14,C010,133.15,1169,STOCK,HEALTHCARE
2026-03-14T09:44:00Z,14,D001,101.55,576,STOCK,ENERGY
2026-03-14T09:44:00Z,14,D002,87.12,1235,STOCK,ENERGY
2026-03-14T09:44:00Z,14,D003,93.08,619,STOCK,ENERGY
2026-03-14T09:44:00Z,14,D004,110.7,942,STOCK,ENERGY
2026-03-14T09:44:00Z,14,D005,88.85,849,STOCK,ENERGY
2026-03-14T09:44:00Z,14,D006,97.59,574,STOCK,ENERGY
2026-03-14T09:44:00Z,14,D007,104.69,1444,STOCK,ENERGY
2026-03-14T09:44:00Z,14,D008,82.85,907,STOCK,ENERGY
2026-03-14T09:44:00Z,14,D009,98.17,888,STOCK,ENERGY
2026-03-14T09:44:00Z,14,D010,93.99,1002,STOCK,ENERGY
2026-03-14T09:44:00Z,14,E001,90.59,781,STOCK,CONSUMER
2026-03-14T09:44:00Z,14,E002,84.56,766,STOCK,CONSUMER
2026-03-14T09:44:00Z,14,E003,95.86,596,STOCK,CONSUMER
2026-03-14T09:44:00Z,14,E004,78.33,1094,STOCK,CONSUMER
2026-03-14T09:44:00Z,14,E005,88.57,1100,STOCK,CONSUMER
2026-03-14T09:44:00Z,14,E006,82.54,776,STOCK,CONSUMER
2026-03-14T09:44:00Z,14,E007,94.61,1047,STOCK,CONSUMER
2026-03-14T09:44:00Z,14,E008,75.04,1329,STOCK,CONSUMER
2026-03-14T09:44:00Z,14,E009,86.15,1031,STOCK,CONSUMER
2026-03-14T09:44:00Z,14,E010,79.68,1211,STOCK,CONSUMER
2026-03-14T09:45:00Z,15,A001,233.64,618,STOCK,TECH
2026-03-14T09:45:00Z,15,A002,170.93,717,STOCK,TECH
2026-03-14T09:45:00Z,15,A003,141.48,1455,STOCK,TECH
2026-03-14T09:45:00Z,15,A004,187.9,485,STOCK,TECH
2026-03-14T09:45:00Z,15,A005,127.84,1042,STOCK,TECH
2026-03-14T09:45:00Z,15,A006,162.55,620,STOCK,TECH
2026-03-14T09:45:00Z,15,A007,200.05,1386,STOCK,TECH
2026-03-14T09:45:00Z,15,A008,115.94,664,STOCK,TECH
2026-03-14T09:45:00Z,15,A009,176.74,1010,STOCK,TECH
2026-03-14T09:45:00Z,15,A010,148.67,934,STOCK,TECH
2026-03-14T09:45:00Z,15,B001,117.34,744,STOCK,FINANCE
2026-03-14T09:45:00Z,15,B002,97.43,790,STOCK,FINANCE
2026-03-14T09:45:00Z,15,B003,113.85,884,STOCK,FINANCE
2026-03-14T09:45:00Z,15,B004,126.97,1081,STOCK,FINANCE
2026-03-14T09:45:00Z,15,B005,103.43,1026,STOCK,FINANCE
2026-03-14T09:45:00Z,15,B006,92.11,1348,STOCK,FINANCE
2026-03-14T09:45:00Z,15,B007,130.12,570,STOCK,FINANCE
2026-03-14T09:45:00Z,15,B008,109.33,1023,STOCK,FINANCE
2026-03-14T09:45:00Z,15,B009,87.81,903,STOCK,FINANCE
2026-03-14T09:45:00Z,15,B010,121.83,1299,STOCK,FINANCE
2026-03-14T09:45:00Z,15,C001,141.84,1362,STOCK,HEALTHCARE
2026-03-14T09:45:00Z,15,C002,158.03,1407,STOCK,HEALTHCARE
2026-03-14T09:45:00Z,15,C003,120.81,1152,STOCK,HEALTHCARE
2026-03-14T09:45:00Z,15,C004,140.11,1157,STOCK,HEALTHCARE
2026-03-14T09:45:00Z,15,C005,167.23,567,STOCK,HEALTHCARE
2026-03-14T09:45:00Z,15,C006,112.58,1032,STOCK,HEALTHCARE
2026-03-14T09:45:00Z,15,C007,144.43,1213,STOCK,HEALTHCARE
2026-03-14T09:45:00Z,15,C008,128.12,1434,STOCK,HEALTHCARE
2026-03-14T09:45:00Z,15,C009,152.87,631,STOCK,HEALTHCARE
2026-03-14T09:45:00Z,15,C010,132.99,1236,STOCK,HEALTHCARE
2026-03-14T09:45:00Z,15,D001,101.76,531,STOCK,ENERGY
2026-03-14T09:45:00Z,15,D002,87.11,1348,STOCK,ENERGY
2026-03-14T09:45:00Z,15,D003,92.88,451,STOCK,ENERGY
2026-03-14T09:45:00Z,15,D004,110.5,1079,STOCK,ENERGY
2026-03-14T09:45:00Z,15,D005,88.81,885,STOCK,ENERGY
2026-03-14T09:45:00Z,15,D006,97.38,689,STOCK,ENERGY
2026-03-14T09:45:00Z,15,D007,104.91,1404,STOCK,ENERGY
2026-03-14T09:45:00Z,15,D008,82.7,976,STOCK,ENERGY
2026-03-14T09:45:00Z,15,D009,98.18,785,STOCK,ENERGY
2026-03-14T09:45:00Z,15,D010,94.09,1095,STOCK,ENERGY
2026-03-14T09:45:00Z,15,E001,90.52,589,STOCK,CONSUMER
2026-03-14T09:45:00Z,15,E002,84.41,1057,STOCK,CONSUMER
2026-03-14T09:45:00Z,15,E003,95.77,466,STOCK,CONSUMER
2026-03-14T09:45:00Z,15,E004,78.32,1449,STOCK,CONSUMER
2026-03-14T09:45:00Z,15,E005,88.61,1283,STOCK,CONSUMER
2026-03-14T09:45:00Z,15,E006,82.5,682,STOCK,CONSUMER
2026-03-14T09:45:00Z,15,E007,94.39,1069,STOCK,CONSUMER
2026-03-14T09:45:00Z,15,E008,75.0,1418,STOCK,CONSUMER
2026-03-14T09:45:00Z,15,E009,86.03,923,STOCK,CONSUMER
2026-03-14T09:45:00Z,15,E010,79.43,1510,STOCK,CONSUMER
2026-03-14T09:46:00Z,16,A001,232.87,738,STOCK,TECH
2026-03-14T09:46:00Z,16,A002,170.79,867,STOCK,TECH
2026-03-14T09:46:00Z,16,A003,141.61,860,STOCK,TECH
2026-03-14T09:46:00Z,16,A004,188.01,712,STOCK,TECH
2026-03-14T09:46:00Z,16,A005,127.56,999,STOCK,TECH
2026-03-14T09:46:00Z,16,A006,162.22,600,STOCK,TECH
2026-03-14T09:46:00Z,16,A007,199.88,1039,STOCK,TECH
2026-03-14T09:46:00Z,16,A008,115.93,715,STOCK,TECH
2026-03-14T09:46:00Z,16,A009,176.38,887,STOCK,TECH
2026-03-14T09:46:00Z,16,A010,148.43,887,STOCK,TECH
2026-03-14T09:46:00Z,16,B001,117.52,632,STOCK,FINANCE
2026-03-14T09:46:00Z,16,B002,97.31,866,STOCK,FINANCE
2026-03-14T09:46:00Z,16,B003,113.66,1141,STOCK,FINANCE
2026-03-14T09:46:00Z,16,B004,126.84,994,STOCK,FINANCE
2026-03-14T09:46:00Z,16,B005,103.39,1038,STOCK,FINANCE
2026-03-14T09:46:00Z,16,B006,91.9,1301,STOCK,FINANCE
2026-03-14T09:46:00Z,16,B007,129.93,506,STOCK,FINANCE
2026-03-14T09:46:00Z,16,B008,109.06,1047,STOCK,FINANCE
2026-03-14T09:46:00Z,16,B009,87.69,1362,STOCK,FINANCE
2026-03-14T09:46:00Z,16,B010,121.96,1006,STOCK,FINANCE
2026-03-14T09:46:00Z,16,C001,141.84,1067,STOCK,HEALTHCARE
2026-03-14T09:46:00Z,16,C002,157.86,1240,STOCK,HEALTHCARE
2026-03-14T09:46:00Z,16,C003,120.57,1259,STOCK,HEALTHCARE
2026-03-14T09:46:00Z,16,C004,139.93,828,STOCK,HEALTHCARE
2026-03-14T09:46:00Z,16,C005,167.29,372,STOCK,HEALTHCARE
2026-03-14T09:46:00Z,16,C006,112.41,1615,STOCK,HEALTHCARE
2026-03-14T09:46:00Z,16,C007,144.55,1250,STOCK,HEALTHCARE
2026-03-14T09:46:00Z,16,C008,127.8,1559,STOCK,HEALTHCARE
2026-03-14T09:46:00Z,16,C009,152.68,646,STOCK,HEALTHCARE
2026-03-14T09:46:00Z,16,C010,133.16,1240,STOCK,HEALTHCARE
2026-03-14T09:46:00Z,16,D001,101.38,452,STOCK,ENERGY
2026-03-14T09:46:00Z,16,D002,87.13,1163,STOCK,ENERGY
2026-03-14T09:46:00Z,16,D003,92.56,544,STOCK,ENERGY
2026-03-14T09:46:00Z,16,D004,110.34,1280,STOCK,ENERGY
2026-03-14T09:46:00Z,16,D005,88.68,1137,STOCK,ENERGY
2026-03-14T09:46:00Z,16,D006,97.35,541,STOCK,ENERGY
2026-03-14T09:46:00Z,16,D007,104.38,1507,STOCK,ENERGY
2026-03-14T09:46:00Z,16,D008,82.41,1314,STOCK,ENERGY
2026-03-14T09:46:00Z,16,D009,97.99,984,STOCK,ENERGY
2026-03-14T09:46:00Z,16,D010,93.98,1036,STOCK,ENERGY
2026-03-14T09:46:00Z,16,E001,90.33,735,STOCK,CONSUMER
2026-03-14T09:46:00Z,16,E002,84.3,700,STOCK,CONSUMER
2026-03-14T09:46:00Z,16,E003,95.53,477,STOCK,CONSUMER
2026-03-14T09:46:00Z,16,E004,78.21,1184,STOCK,CONSUMER
2026-03-14T09:46:00Z,16,E005,88.43,984,STOCK,CONSUMER
2026-03-14T09:46:00Z,16,E006,82.44,554,STOCK,CONSUMER
2026-03-14T09:46:00Z,16,E007,94.35,909,STOCK,CONSUMER
2026-03-14T09:46:00Z,16,E008,75.06,1382,STOCK,CONSUMER
2026-03-14T09:46:00Z,16,E009,85.87,1009,STOCK,CONSUMER
2026-03-14T09:46:00Z,16,E010,79.32,1158,STOCK,CONSUMER
2026-03-14T09:47:00Z,17,A001,232.83,566,STOCK,TECH
2026-03-14T09:47:00Z,17,A002,170.81,925,STOCK,TECH
2026-03-14T09:47:00Z,17,A003,141.37,1330,STOCK,TECH
2026-03-14T09:47:00Z,17,A004,188.13,560,STOCK,TECH
2026-03-14T09:47:00Z,17,A005,127.44,892,STOCK,TECH
2026-03-14T09:47:00Z,17,A006,162.06,689,STOCK,TECH
2026-03-14T09:47:00Z,17,A007,199.54,1218,STOCK,TECH
2026-03-14T09:47:00Z,17,A008,116.11,636,STOCK,TECH
2026-03-14T09:47:00Z,17,A009,176.38,826,STOCK,TECH
2026-03-14T09:47:00Z,17,A010,148.66,655,STOCK,TECH
2026-03-14T09:47:00Z,17,B001,117.57,638,STOCK,FINANCE
2026-03-14T09:47:00Z,17,B002,97.12,1013,STOCK,FINANCE
2026-03-14T09:47:00Z,17,B003,113.53,921,STOCK,FINANCE
2026-03-14T09:47:00Z,17,B004,126.97,1212,STOCK,FINANCE
2026-03-14T09:47:00Z,17,B005,103.31,1027,STOCK,FINANCE
2026-03-14T09:47:00Z,17,B006,91.79,1203,STOCK,FINANCE
2026-03-14T09:47:00Z,17,B007,129.92,658,STOCK,FINANCE
2026-03-14T09:47:00Z,17,B008,109.05,924,STOCK,FINANCE
2026-03-14T09:47:00Z,17,B009,87.59,1213,STOCK,FINANCE
2026-03-14T09:47:00Z,17,B010,121.93,1275,STOCK,FINANCE
2026-03-14T09:47:00Z,17,C001,141.77,1157,STOCK,HEALTHCARE
2026-03-14T09:47:00Z,17,C002,157.39,1308,STOCK,HEALTHCARE
2026-03-14T09:47:00Z,17,C003,120.65,1156,STOCK,HEALTHCARE
2026-03-14T09:47:00Z,17,C004,139.81,956,STOCK,HEALTHCARE
2026-03-14T09:47:00Z,17,C005,167.57,655,STOCK,HEALTHCARE
2026-03-14T09:47:00Z,17,C006,112.27,1401,STOCK,HEALTHCARE
2026-03-14T09:47:00Z,17,C007,144.29,1179,STOCK,HEALTHCARE
2026-03-14T09:47:00Z,17,C008,127.99,1142,STOCK,HEALTHCARE
2026-03-14T09:47:00Z,17,C009,152.41,630,STOCK,HEALTHCARE
2026-03-14T09:47:00Z,17,C010,133.07,1048,STOCK,HEALTHCARE
2026-03-14T09:47:00Z,17,D001,101.47,534,STOCK,ENERGY
2026-03-14T09:47:00Z,17,D002,87.11,1413,STOCK,ENERGY
2026-03-14T09:47:00Z,17,D003,92.39,530,STOCK,ENERGY
2026-03-14T09:47:00Z,17,D004,110.38,960,STOCK,ENERGY
2026-03-14T09:47:00Z,17,D005,88.67,945,STOCK,ENERGY
2026-03-14T09:47:00Z,17,D006,97.51,561,STOCK,ENERGY
2026-03-14T09:47:00Z,17,D007,104.47,1009,STOCK,ENERGY
2026-03-14T09:47:00Z,17,D008,82.72,1482,STOCK,ENERGY
2026-03-14T09:47:00Z,17,D009,97.81,1041,STOCK,ENERGY
2026-03-14T09:47:00Z,17,D010,93.99,1115,STOCK,ENERGY
2026-03-14T09:47:00Z,17,E001,90.23,504,STOCK,CONSUMER
2026-03-14T09:47:00Z,17,E002,84.43,864,STOCK,CONSUMER
2026-03-14T09:47:00Z,17,E003,95.64,513,STOCK,CONSUMER
2026-03-14T09:47:00Z,17,E004,78.29,1511,STOCK,CONSUMER
2026-03-14T09:47:00Z,17,E005,88.36,1372,STOCK,CONSUMER
2026-03-14T09:47:00Z,17,E006,82.38,849,STOCK,CONSUMER
2026-03-14T09:47:00Z,17,E007,94.13,1088,STOCK,CONSUMER
2026-03-14T09:47:00Z,17,E008,75.22,1184,STOCK,CONSUMER
2026-03-14T09:47:00Z,17,E009,85.93,1084,STOCK,CONSUMER
2026-03-14T09:47:00Z,17,E010,79.3,1295,STOCK,CONSUMER
2026-03-14T09:48:00Z,18,A001,233.57,527,STOCK,TECH
2026-03-14T09:48:00Z,18,A002,171.38,841,STOCK,TECH
2026-03-14T09:48:00Z,18,A003,141.39,1262,STOCK,TECH
2026-03-14T09:48:00Z,18,A004,188.41,667,STOCK,TECH
2026-03-14T09:48:00Z,18,A005,127.75,1089,STOCK,TECH
2026-03-14T09:48:00Z,18,A006,162.47,799,STOCK,TECH
2026-03-14T09:48:00Z,18,A007,200.25,1525,STOCK,TECH
2026-03-14T09:48:00Z,18,A008,116.2,694,STOCK,TECH
2026-03-14T09:48:00Z,18,A009,176.8,908,STOCK,TECH
2026-03-14T09:48:00Z,18,A010,149.37,740,STOCK,TECH
2026-03-14T09:48:00Z,18,B001,117.86,666,STOCK,FINANCE
2026-03-14T09:48:00Z,18,B002,97.37,791,STOCK,FINANCE
2026-03-14T09:48:00Z,18,B003,113.71,779,STOCK,FINANCE
2026-03-14T09:48:00Z,18,B004,127.3,1317,STOCK,FINANCE
2026-03-14T09:48:00Z,18,B005,103.69,835,STOCK,FINANCE
2026-03-14T09:48:00Z,18,B006,91.94,1290,STOCK,FINANCE
2026-03-14T09:48:00Z,18,B007,130.33,536,STOCK,FINANCE
2026-03-14T09:48:00Z,18,B008,109.11,976,STOCK,FINANCE
2026-03-14T09:48:00Z,18,B009,87.78,1066,STOCK,FINANCE
2026-03-14T09:48:00Z,18,B010,122.26,971,STOCK,FINANCE
2026-03-14T09:48:00Z,18,C001,141.82,1043,STOCK,HEALTHCARE
2026-03-14T09:48:00Z,18,C002,157.81,1256,STOCK,HEALTHCARE
2026-03-14T09:48:00Z,18,C003,120.7,1389,STOCK,HEALTHCARE
2026-03-14T09:48:00Z,18,C004,139.86,1097,STOCK,HEALTHCARE
2026-03-14T09:48:00Z,18,C005,167.79,490,STOCK,HEALTHCARE
2026-03-14T09:48:00Z,18,C006,112.67,1565,STOCK,HEALTHCARE
2026-03-14T09:48:00Z,18,C007,144.53,1372,STOCK,HEALTHCARE
2026-03-14T09:48:00Z,18,C008,128.3,1694,STOCK,HEALTHCARE
2026-03-14T09:48:00Z,18,C009,152.48,815,STOCK,HEALTHCARE
2026-03-14T09:48:00Z,18,C010,133.24,1259,STOCK,HEALTHCARE
2026-03-14T09:48:00Z,18,D001,101.52,484,STOCK,ENERGY
2026-03-14T09:48:00Z,18,D002,87.21,1386,STOCK,ENERGY
2026-03-14T09:48:00Z,18,D003,92.65,510,STOCK,ENERGY
2026-03-14T09:48:00Z,18,D004,110.59,843,STOCK,ENERGY
2026-03-14T09:48:00Z,18,D005,88.98,869,STOCK,ENERGY
2026-03-14T09:48:00Z,18,D006,97.66,771,STOCK,ENERGY
2026-03-14T09:48:00Z,18,D007,104.64,1427,STOCK,ENERGY
2026-03-14T09:48:00Z,18,D008,82.99,1041,STOCK,ENERGY
2026-03-14T09:48:00Z,18,D009,97.91,836,STOCK,ENERGY
2026-03-14T09:48:00Z,18,D010,93.98,1225,STOCK,ENERGY
2026-03-14T09:48:00Z,18,E001,90.51,641,STOCK,CONSUMER
2026-03-14T09:48:00Z,18,E002,84.59,1023,STOCK,CONSUMER
2026-03-14T09:48:00Z,18,E003,95.54,642,STOCK,CONSUMER
2026-03-14T09:48:00Z,18,E004,78.4,1100,STOCK,CONSUMER
2026-03-14T09:48:00Z,18,E005,88.45,1103,STOCK,CONSUMER
2026-03-14T09:48:00Z,18,E006,82.67,587,STOCK,CONSUMER
2026-03-14T09:48:00Z,18,E007,94.19,1117,STOCK,CONSUMER
2026-03-14T09:48:00Z,18,E008,75.27,1147,STOCK,CONSUMER
2026-03-14T09:48:00Z,18,E009,85.96,921,STOCK,CONSUMER
2026-03-14T09:48:00Z,18,E010,79.31,1413,STOCK,CONSUMER
2026-03-14T09:49:00Z,19,A001,232.8,678,STOCK,TECH
2026-03-14T09:49:00Z,19,A002,170.91,782,STOCK,TECH
2026-03-14T09:49:00Z,19,A003,140.91,1564,STOCK,TECH
2026-03-14T09:49:00Z,19,A004,187.76,637,STOCK,TECH
2026-03-14T09:49:00Z,19,A005,127.31,1151,STOCK,TECH
2026-03-14T09:49:00Z,19,A006,162.13,963,STOCK,TECH
2026-03-14T09:49:00Z,19,A007,199.75,1457,STOCK,TECH
2026-03-14T09:49:00Z,19,A008,115.87,669,STOCK,TECH
2026-03-14T09:49:00Z,19,A009,176.63,1007,STOCK,TECH
2026-03-14T09:49:00Z,19,A010,149.14,826,STOCK,TECH
2026-03-14T09:49:00Z,19,B001,117.66,507,STOCK,FINANCE
2026-03-14T09:49:00Z,19,B002,97.21,1073,STOCK,FINANCE
2026-03-14T09:49:00Z,19,B003,113.8,635,STOCK,FINANCE
2026-03-14T09:49:00Z,19,B004,127.19,1042,STOCK,FINANCE
2026-03-14T09:49:00Z,19,B005,103.64,916,STOCK,FINANCE
2026-03-14T09:49:00Z,19,B006,91.56,1380,STOCK,FINANCE
2026-03-14T09:49:00Z,19,B007,130.07,477,STOCK,FINANCE
2026-03-14T09:49:00Z,19,B008,108.71,1120,STOCK,FINANCE
2026-03-14T09:49:00Z,19,B009,87.64,1227,STOCK,FINANCE
2026-03-14T09:49:00Z,19,B010,122.17,1091,STOCK,FINANCE
2026-03-14T09:49:00Z,19,C001,141.58,980,STOCK,HEALTHCARE
2026-03-14T09:49:00Z,19,C002,157.76,896,STOCK,HEALTHCARE
2026-03-14T09:49:00Z,19,C003,120.45,985,STOCK,HEALTHCARE
2026-03-14T09:49:00Z,19,C004,139.83,1087,STOCK,HEALTHCARE
2026-03-14T09:49:00Z,19,C005,167.32,574,STOCK,HEALTHCARE
2026-03-14T09:49:00Z,19,C006,112.54,1491,STOCK,HEALTHCARE
2026-03-14T09:49:00Z,19,C007,144.47,1667,STOCK,HEALTHCARE
2026-03-14T09:49:00Z,19,C008,128.27,1416,STOCK,HEALTHCARE
2026-03-14T09:49:00Z,19,C009,152.31,762,STOCK,HEALTHCARE
2026-03-14T09:49:00Z,19,C010,133.44,1498,STOCK,HEALTHCARE
2026-03-14T09:49:00Z,19,D001,101.34,480,STOCK,ENERGY
2026-03-14T09:49:00Z,19,D002,87.05,874,STOCK,ENERGY
2026-03-14T09:49:00Z,19,D003,92.23,482,STOCK,ENERGY
2026-03-14T09:49:00Z,19,D004,110.67,1131,STOCK,ENERGY
2026-03-14T09:49:00Z,19,D005,88.83,752,STOCK,ENERGY
2026-03-14T09:49:00Z,19,D006,97.4,740,STOCK,ENERGY
2026-03-14T09:49:00Z,19,D007,104.67,962,STOCK,ENERGY
2026-03-14T09:49:00Z,19,D008,83.01,766,STOCK,ENERGY
2026-03-14T09:49:00Z,19,D009,97.8,678,STOCK,ENERGY
2026-03-14T09:49:00Z,19,D010,93.7,949,STOCK,ENERGY
2026-03-14T09:49:00Z,19,E001,90.46,691,STOCK,CONSUMER
2026-03-14T09:49:00Z,19,E002,84.44,868,STOCK,CONSUMER
2026-03-14T09:49:00Z,19,E003,95.3,657,STOCK,CONSUMER
2026-03-14T09:49:00Z,19,E004,78.42,1055,STOCK,CONSUMER
2026-03-14T09:49:00Z,19,E005,88.13,1357,STOCK,CONSUMER
2026-03-14T09:49:00Z,19,E006,82.64,593,STOCK,CONSUMER
2026-03-14T09:49:00Z,19,E007,94.14,1289,STOCK,CONSUMER
2026-03-14T09:49:00Z,19,E008,75.38,1013,STOCK,CONSUMER
2026-03-14T09:49:00Z,19,E009,85.9,947,STOCK,CONSUMER
2026-03-14T09:49:00Z,19,E010,79.04,1665,STOCK,CONSUMER
2026-03-14T09:50:00Z,20,A001,232.37,623,STOCK,TECH
2026-03-14T09:50:00Z,20,A002,170.67,688,STOCK,TECH
2026-03-14T09:50:00Z,20,A003,140.83,1072,STOCK,TECH
2026-03-14T09:50:00Z,20,A004,186.95,695,STOCK,TECH
2026-03-14T09:50:00Z,20,A005,127.02,1123,STOCK,TECH
2026-03-14T09:50:00Z,20,A006,162.03,574,STOCK,TECH
2026-03-14T09:50:00Z,20,A007,199.72,1159,STOCK,TECH
2026-03-14T09:50:00Z,20,A008,115.93,771,STOCK,TECH
2026-03-14T09:50:00Z,20,A009,176.22,862,STOCK,TECH
2026-03-14T09:50:00Z,20,A010,149.07,791,STOCK,TECH
2026-03-14T09:50:00Z,20,B001,117.74,659,STOCK,FINANCE
2026-03-14T09:50:00Z,20,B002,97.23,860,STOCK,FINANCE
2026-03-14T09:50:00Z,20,B003,113.75,1027,STOCK,FINANCE
2026-03-14T09:50:00Z,20,B004,127.14,969,STOCK,FINANCE
2026-03-14T09:50:00Z,20,B005,103.41,1093,STOCK,FINANCE
2026-03-14T09:50:00Z,20,B006,91.29,1133,STOCK,FINANCE
2026-03-14T09:50:00Z,20,B007,130.04,441,STOCK,FINANCE
2026-03-14T09:50:00Z,20,B008,108.52,962,STOCK,FINANCE
2026-03-14T09:50:00Z,20,B009,87.53,1222,STOCK,FINANCE
2026-03-14T09:50:00Z,20,B010,121.92,1093,STOCK,FINANCE
2026-03-14T09:50:00Z,20,C001,141.37,1181,STOCK,HEALTHCARE
2026-03-14T09:50:00Z,20,C002,157.63,1236,STOCK,HEALTHCARE
2026-03-14T09:50:00Z,20,C003,120.18,1257,STOCK,HEALTHCARE
2026-03-14T09:50:00Z,20,C004,139.69,977,STOCK,HEALTHCARE
2026-03-14T09:50:00Z,20,C005,167.18,371,STOCK,HEALTHCARE
2026-03-14T09:50:00Z,20,C006,112.41,1453,STOCK,HEALTHCARE
2026-03-14T09:50:00Z,20,C007,144.19,1345,STOCK,HEALTHCARE
2026-03-14T09:50:00Z,20,C008,128.25,1447,STOCK,HEALTHCARE
2026-03-14T09:50:00Z,20,C009,152.48,643,STOCK,HEALTHCARE
2026-03-14T09:50:00Z,20,C010,133.21,1041,STOCK,HEALTHCARE
2026-03-14T09:50:00Z,20,D001,101.33,388,STOCK,ENERGY
2026-03-14T09:50:00Z,20,D002,87.01,1351,STOCK,ENERGY
2026-03-14T09:50:00Z,20,D003,91.8,631,STOCK,ENERGY
2026-03-14T09:50:00Z,20,D004,110.39,1118,STOCK,ENERGY
2026-03-14T09:50:00Z,20,D005,88.63,841,STOCK,ENERGY
2026-03-14T09:50:00Z,20,D006,97.34,619,STOCK,ENERGY
2026-03-14T09:50:00Z,20,D007,104.53,1470,STOCK,ENERGY
2026-03-14T09:50:00Z,20,D008,82.94,1005,STOCK,ENERGY
2026-03-14T09:50:00Z,20,D009,97.73,718,STOCK,ENERGY
2026-03-14T09:50:00Z,20,D010,93.46,1143,STOCK,ENERGY
2026-03-14T09:50:00Z,20,E001,90.26,738,STOCK,CONSUMER
2026-03-14T09:50:00Z,20,E002,84.21,1032,STOCK,CONSUMER
2026-03-14T09:50:00Z,20,E003,95.15,591,STOCK,CONSUMER
2026-03-14T09:50:00Z,20,E004,78.32,603,STOCK,CONSUMER
2026-03-14T09:50:00Z,20,E005,88.04,1076,STOCK,CONSUMER
2026-03-14T09:50:00Z,20,E006,82.47,929,STOCK,CONSUMER
2026-03-14T09:50:00Z,20,E007,94.12,1082,STOCK,CONSUMER
2026-03-14T09:50:00Z,20,E008,75.38,974,STOCK,CONSUMER
2026-03-14T09:50:00Z,20,E009,85.95,896,STOCK,CONSUMER
2026-03-14T09:50:00Z,20,E010,79.01,1438,STOCK,CONSUMER
2026-03-14T09:51:00Z,21,A001,232.67,420,STOCK,TECH
2026-03-14T09:51:00Z,21,A002,170.88,714,STOCK,TECH
2026-03-14T09:51:00Z,21,A003,140.78,1196,STOCK,TECH
2026-03-14T09:51:00Z,21,A004,187.34,677,STOCK,TECH
2026-03-14T09:51:00Z,21,A005,127.34,967,STOCK,TECH
2026-03-14T09:51:00Z,21,A006,162.49,610,STOCK,TECH
2026-03-14T09:51:00Z,21,A007,199.83,1134,STOCK,TECH
2026-03-14T09:51:00Z,21,A008,116.03,820,STOCK,TECH
2026-03-14T09:51:00Z,21,A009,176.4,1101,STOCK,TECH
2026-03-14T09:51:00Z,21,A010,149.14,871,STOCK,TECH
2026-03-14T09:51:00Z,21,B001,117.87,653,STOCK,FINANCE
2026-03-14T09:51:00Z,21,B002,97.25,910,STOCK,FINANCE
2026-03-14T09:51:00Z,21,B003,113.76,1063,STOCK,FINANCE
2026-03-14T09:51:00Z,21,B004,127.46,1148,STOCK,FINANCE
2026-03-14T09:51:00Z,21,B005,103.47,1624,STOCK,FINANCE
2026-03-14T09:51:00Z,21,B006,91.33,1238,STOCK,FINANCE
2026-03-14T09:51:00Z,21,B007,130.23,502,STOCK,FINANCE
2026-03-14T09:51:00Z,21,B008,108.58,1087,STOCK,FINANCE
2026-03-14T09:51:00Z,21,B009,87.59,896,STOCK,FINANCE
2026-03-14T09:51:00Z,21,B010,121.96,1072,STOCK,FINANCE
2026-03-14T09:51:00Z,21,C001,141.2,1034,STOCK,HEALTHCARE
2026-03-14T09:51:00Z,21,C002,157.67,1009,STOCK,HEALTHCARE
2026-03-14T09:51:00Z,21,C003,120.05,1056,STOCK,HEALTHCARE
2026-03-14T09:51:00Z,21,C004,139.77,1523,STOCK,HEALTHCARE
2026-03-14T09:51:00Z,21,C005,166.99,692,STOCK,HEALTHCARE
2026-03-14T09:51:00Z,21,C006,112.56,1578,STOCK,HEALTHCARE
2026-03-14T09:51:00Z,21,C007,144.36,1320,STOCK,HEALTHCARE
2026-03-14T09:51:00Z,21,C008,128.33,1175,STOCK,HEALTHCARE
2026-03-14T09:51:00Z,21,C009,152.51,602,STOCK,HEALTHCARE
2026-03-14T09:51:00Z,21,C010,133.31,1333,STOCK,HEALTHCARE
2026-03-14T09:51:00Z,21,D001,101.13,469,STOCK,ENERGY
2026-03-14T09:51:00Z,21,D002,86.93,1555,STOCK,ENERGY
2026-03-14T09:51:00Z,21,D003,91.82,629,STOCK,ENERGY
2026-03-14T09:51:00Z,21,D004,110.48,1170,STOCK,ENERGY
2026-03-14T09:51:00Z,21,D005,88.66,826,STOCK,ENERGY
2026-03-14T09:51:00Z,21,D006,97.26,575,STOCK,ENERGY
2026-03-14T09:51:00Z,21,D007,104.59,961,STOCK,ENERGY
2026-03-14T09:51:00Z,21,D008,82.93,989,STOCK,ENERGY
2026-03-14T09:51:00Z,21,D009,97.64,681,STOCK,ENERGY
2026-03-14T09:51:00Z,21,D010,93.53,1232,STOCK,ENERGY
2026-03-14T09:51:00Z,21,E001,90.27,561,STOCK,CONSUMER
2026-03-14T09:51:00Z,21,E002,84.36,888,STOCK,CONSUMER
2026-03-14T09:51:00Z,21,E003,95.26,574,STOCK,CONSUMER
2026-03-14T09:51:00Z,21,E004,78.41,1052,STOCK,CONSUMER
2026-03-14T09:51:00Z,21,E005,88.1,1456,STOCK,CONSUMER
2026-03-14T09:51:00Z,21,E006,82.41,726,STOCK,CONSUMER
2026-03-14T09:51:00Z,21,E007,94.05,969,STOCK,CONSUMER
2026-03-14T09:51:00Z,21,E008,75.27,1184,STOCK,CONSUMER
2026-03-14T09:51:00Z,21,E009,86.28,1043,STOCK,CONSUMER
2026-03-14T09:51:00Z,21,E010,78.93,1419,STOCK,CONSUMER
2026-03-14T09:52:00Z,22,A001,232.47,551,STOCK,TECH
2026-03-14T09:52:00Z,22,A002,170.75,817,STOCK,TECH
2026-03-14T09:52:00Z,22,A003,140.63,1021,STOCK,TECH
2026-03-14T09:52:00Z,22,A004,186.84,441,STOCK,TECH
2026-03-14T09:52:00Z,22,A005,127.13,882,STOCK,TECH
2026-03-14T09:52:00Z,22,A006,162.15,716,STOCK,TECH
2026-03-14T09:52:00Z,22,A007,199.71,1362,STOCK,TECH
2026-03-14T09:52:00Z,22,A008,115.89,625,STOCK,TECH
2026-03-14T09:52:00Z,22,A009,176.18,1001,STOCK,TECH
2026-03-14T09:52:00Z,22,A010,149.12,810,STOCK,TECH
2026-03-14T09:52:00Z,22,B001,117.75,736,STOCK,FINANCE
2026-03-14T09:52:00Z,22,B002,97.33,788,STOCK,FINANCE
2026-03-14T09:52:00Z,22,B003,113.67,900,STOCK,FINANCE
2026-03-14T09:52:00Z,22,B004,127.45,807,STOCK,FINANCE
2026-03-14T09:52:00Z,22,B005,103.28,1104,STOCK,FINANCE
2026-03-14T09:52:00Z,22,B006,91.38,1585,STOCK,FINANCE
2026-03-14T09:52:00Z,22,B007,130.12,418,STOCK,FINANCE
2026-03-14T09:52:00Z,22,B008,108.6,872,STOCK,FINANCE
2026-03-14T09:52:00Z,22,B009,87.6,1074,STOCK,FINANCE
2026-03-14T09:52:00Z,22,B010,121.9,1140,STOCK,FINANCE
2026-03-14T09:52:00Z,22,C001,141.2,876,STOCK,HEALTHCARE
2026-03-14T09:52:00Z,22,C002,157.56,1079,STOCK,HEALTHCARE
2026-03-14T09:52:00Z,22,C003,120.22,1702,STOCK,HEALTHCARE
2026-03-14T09:52:00Z,22,C004,139.89,997,STOCK,HEALTHCARE
2026-03-14T09:52:00Z,22,C005,167.05,523,STOCK,HEALTHCARE
2026-03-14T09:52:00Z,22,C006,112.37,1346,STOCK,HEALTHCARE
2026-03-14T09:52:00Z,22,C007,144.13,1034,STOCK,HEALTHCARE
2026-03-14T09:52:00Z,22,C008,128.2,943,STOCK,HEALTHCARE
2026-03-14T09:52:00Z,22,C009,152.43,708,STOCK,HEALTHCARE
2026-03-14T09:52:00Z,22,C010,133.35,953,STOCK,HEALTHCARE
2026-03-14T09:52:00Z,22,D001,100.99,458,STOCK,ENERGY
2026-03-14T09:52:00Z,22,D002,87.02,1451,STOCK,ENERGY
2026-03-14T09:52:00Z,22,D003,91.79,464,STOCK,ENERGY
2026-03-14T09:52:00Z,22,D004,110.17,991,STOCK,ENERGY
2026-03-14T09:52:00Z,22,D005,88.58,674,STOCK,ENERGY
2026-03-14T09:52:00Z,22,D006,96.93,597,STOCK,ENERGY
2026-03-14T09:52:00Z,22,D007,104.46,1090,STOCK,ENERGY
2026-03-14T09:52:00Z,22,D008,82.85,1201,STOCK,ENERGY
2026-03-14T09:52:00Z,22,D009,97.54,722,STOCK,ENERGY
2026-03-14T09:52:00Z,22,D010,93.46,1369,STOCK,ENERGY
2026-03-14T09:52:00Z,22,E001,90.2,667,STOCK,CONSUMER
2026-03-14T09:52:00Z,22,E002,84.28,987,STOCK,CONSUMER
2026-03-14T09:52:00Z,22,E003,95.4,549,STOCK,CONSUMER
2026-03-14T09:52:00Z,22,E004,78.5,1058,STOCK,CONSUMER
2026-03-14T09:52:00Z,22,E005,87.95,955,STOCK,CONSUMER
2026-03-14T09:52:00Z,22,E006,82.51,645,STOCK,CONSUMER
2026-03-14T09:52:00Z,22,E007,93.84,988,STOCK,CONSUMER
2026-03-14T09:52:00Z,22,E008,75.18,1194,STOCK,CONSUMER
2026-03-14T09:52:00Z,22,E009,86.41,907,STOCK,CONSUMER
2026-03-14T09:52:00Z,22,E010,78.7,1239,STOCK,CONSUMER
2026-03-14T09:53:00Z,23,A001,232.45,454,STOCK,TECH
2026-03-14T09:53:00Z,23,A002,170.95,908,STOCK,TECH
2026-03-14T09:53:00Z,23,A003,140.78,1079,STOCK,TECH
2026-03-14T09:53:00Z,23,A004,187.5,828,STOCK,TECH
2026-03-14T09:53:00Z,23,A005,127.18,1025,STOCK,TECH
2026-03-14T09:53:00Z,23,A006,162.35,697,STOCK,TECH
2026-03-14T09:53:00Z,23,A007,200.16,1547,STOCK,TECH
2026-03-14T09:53:00Z,23,A008,116.0,756,STOCK,TECH
2026-03-14T09:53:00Z,23,A009,176.25,1147,STOCK,TECH
2026-03-14T09:53:00Z,23,A010,149.31,669,STOCK,TECH
2026-03-14T09:53:00Z,23,B001,117.88,427,STOCK,FINANCE
2026-03-14T09:53:00Z,23,B002,97.53,1052,STOCK,FINANCE
2026-03-14T09:53:00Z,23,B003,113.65,892,STOCK,FINANCE
2026-03-14T09:53:00Z,23,B004,127.52,1045,STOCK,FINANCE
2026-03-14T09:53:00Z,23,B005,103.42,1028,STOCK,FINANCE
2026-03-14T09:53:00Z,23,B006,91.45,1206,STOCK,FINANCE
2026-03-14T09:53:00Z,23,B007,130.23,516,STOCK,FINANCE
2026-03-14T09:53:00Z,23,B008,108.71,1004,STOCK,FINANCE
2026-03-14T09:53:00Z,23,B009,87.61,1014,STOCK,FINANCE
2026-03-14T09:53:00Z,23,B010,121.91,1085,STOCK,FINANCE
2026-03-14T09:53:00Z,23,C001,141.39,1328,STOCK,HEALTHCARE
2026-03-14T09:53:00Z,23,C002,157.49,921,STOCK,HEALTHCARE
2026-03-14T09:53:00Z,23,C003,120.48,1395,STOCK,HEALTHCARE
2026-03-14T09:53:00Z,23,C004,140.04,1291,STOCK,HEALTHCARE
2026-03-14T09:53:00Z,23,C005,166.93,520,STOCK,HEALTHCARE
2026-03-14T09:53:00Z,23,C006,112.49,1424,STOCK,HEALTHCARE
2026-03-14T09:53:00Z,23,C007,144.27,1147,STOCK,HEALTHCARE
2026-03-14T09:53:00Z,23,C008,128.42,1419,STOCK,HEALTHCARE
2026-03-14T09:53:00Z,23,C009,152.77,607,STOCK,HEALTHCARE
2026-03-14T09:53:00Z,23,C010,133.39,1123,STOCK,HEALTHCARE
2026-03-14T09:53:00Z,23,D001,101.02,483,STOCK,ENERGY
2026-03-14T09:53:00Z,23,D002,87.05,1734,STOCK,ENERGY
2026-03-14T09:53:00Z,23,D003,91.79,500,STOCK,ENERGY
2026-03-14T09:53:00Z,23,D004,110.21,1113,STOCK,ENERGY
2026-03-14T09:53:00Z,23,D005,88.71,808,STOCK,ENERGY
2026-03-14T09:53:00Z,23,D006,97.04,542,STOCK,ENERGY
2026-03-14T09:53:00Z,23,D007,104.52,1048,STOCK,ENERGY
2026-03-14T09:53:00Z,23,D008,82.86,1110,STOCK,ENERGY
2026-03-14T09:53:00Z,23,D009,97.69,983,STOCK,ENERGY
2026-03-14T09:53:00Z,23,D010,93.51,1136,STOCK,ENERGY
2026-03-14T09:53:00Z,23,E001,90.17,676,STOCK,CONSUMER
2026-03-14T09:53:00Z,23,E002,84.34,1000,STOCK,CONSUMER
2026-03-14T09:53:00Z,23,E003,95.46,674,STOCK,CONSUMER
2026-03-14T09:53:00Z,23,E004,78.47,1081,STOCK,CONSUMER
2026-03-14T09:53:00Z,23,E005,88.12,1129,STOCK,CONSUMER
2026-03-14T09:53:00Z,23,E006,82.67,611,STOCK,CONSUMER
2026-03-14T09:53:00Z,23,E007,93.94,957,STOCK,CONSUMER
2026-03-14T09:53:00Z,23,E008,75.26,1427,STOCK,CONSUMER
2026-03-14T09:53:00Z,23,E009,86.55,964,STOCK,CONSUMER
2026-03-14T09:53:00Z,23,E010,78.77,1294,STOCK,CONSUMER
2026-03-14T09:54:00Z,24,A001,233.42,564,STOCK,TECH
2026-03-14T09:54:00Z,24,A002,171.32,937,STOCK,TECH
2026-03-14T09:54:00Z,24,A003,141.13,993,STOCK,TECH
2026-03-14T09:54:00Z,24,A004,188.12,664,STOCK,TECH
2026-03-14T09:54:00Z,24,A005,127.4,1000,STOCK,TECH
2026-03-14T09:54:00Z,24,A006,162.46,859,STOCK,TECH
2026-03-14T09:54:00Z,24,A007,200.84,1458,STOCK,TECH
2026-03-14T09:54:00Z,24,A008,116.0,566,STOCK,TECH
2026-03-14T09:54:00Z,24,A009,177.01,1183,STOCK,TECH
2026-03-14T09:54:00Z,24,A010,149.77,1037,STOCK,TECH
2026-03-14T09:54:00Z,24,B001,118.09,559,STOCK,FINANCE
2026-03-14T09:54:00Z,24,B002,97.68,879,STOCK,FINANCE
2026-03-14T09:54:00Z,24,B003,114.06,1040,STOCK,FINANCE
2026-03-14T09:54:00Z,24,B004,127.58,1064,STOCK,FINANCE
2026-03-14T09:54:00Z,24,B005,103.43,1431,STOCK,FINANCE
2026-03-14T09:54:00Z,24,B006,91.51,1113,STOCK,FINANCE
2026-03-14T09:54:00Z,24,B007,130.4,637,STOCK,FINANCE
2026-03-14T09:54:00Z,24,B008,108.74,896,STOCK,FINANCE
2026-03-14T09:54:00Z,24,B009,87.75,1081,STOCK,FINANCE
2026-03-14T09:54:00Z,24,B010,122.12,1214,STOCK,FINANCE
2026-03-14T09:54:00Z,24,C001,141.42,752,STOCK,HEALTHCARE
2026-03-14T09:54:00Z,24,C002,158.0,1322,STOCK,HEALTHCARE
2026-03-14T09:54:00Z,24,C003,120.42,1117,STOCK,HEALTHCARE
2026-03-14T09:54:00Z,24,C004,140.0,1130,STOCK,HEALTHCARE
2026-03-14T09:54:00Z,24,C005,167.22,446,STOCK,HEALTHCARE
2026-03-14T09:54:00Z,24,C006,112.59,1467,STOCK,HEALTHCARE
2026-03-14T09:54:00Z,24,C007,144.52,1239,STOCK,HEALTHCARE
2026-03-14T09:54:00Z,24,C008,128.48,1371,STOCK,HEALTHCARE
2026-03-14T09:54:00Z,24,C009,152.78,617,STOCK,HEALTHCARE
2026-03-14T09:54:00Z,24,C010,133.44,1006,STOCK,HEALTHCARE
2026-03-14T09:54:00Z,24,D001,101.12,588,STOCK,ENERGY
2026-03-14T09:54:00Z,24,D002,87.25,1515,STOCK,ENERGY
2026-03-14T09:54:00Z,24,D003,91.9,540,STOCK,ENERGY
2026-03-14T09:54:00Z,24,D004,110.52,1024,STOCK,ENERGY
2026-03-14T09:54:00Z,24,D005,88.92,899,STOCK,ENERGY
2026-03-14T09:54:00Z,24,D006,97.33,652,STOCK,ENERGY
2026-03-14T09:54:00Z,24,D007,104.82,1311,STOCK,ENERGY
2026-03-14T09:54:00Z,24,D008,83.07,1099,STOCK,ENERGY
2026-03-14T09:54:00Z,24,D009,97.95,785,STOCK,ENERGY
2026-03-14T09:54:00Z,24,D010,93.61,1018,STOCK,ENERGY
2026-03-14T09:54:00Z,24,E001,90.27,717,STOCK,CONSUMER
2026-03-14T09:54:00Z,24,E002,84.27,654,STOCK,CONSUMER
2026-03-14T09:54:00Z,24,E003,95.64,603,STOCK,CONSUMER
2026-03-14T09:54:00Z,24,E004,78.51,1293,STOCK,CONSUMER
2026-03-14T09:54:00Z,24,E005,88.29,1305,STOCK,CONSUMER
2026-03-14T09:54:00Z,24,E006,82.84,799,STOCK,CONSUMER
2026-03-14T09:54:00Z,24,E007,93.93,1032,STOCK,CONSUMER
2026-03-14T09:54:00Z,24,E008,75.27,1200,STOCK,CONSUMER
2026-03-14T09:54:00Z,24,E009,86.64,1067,STOCK,CONSUMER
2026-03-14T09:54:00Z,24,E010,78.83,1420,STOCK,CONSUMER
2026-03-14T09:55:00Z,25,A001,233.2,481,STOCK,TECH
2026-03-14T09:55:00Z,25,A002,171.4,722,STOCK,TECH
2026-03-14T09:55:00Z,25,A003,140.9,1373,STOCK,TECH
2026-03-14T09:55:00Z,25,A004,187.72,716,STOCK,TECH
2026-03-14T09:55:00Z,25,A005,127.57,922,STOCK,TECH
2026-03-14T09:55:00Z,25,A006,162.28,840,STOCK,TECH
2026-03-14T09:55:00Z,25,A007,200.8,1101,STOCK,TECH
2026-03-14T09:55:00Z,25,A008,115.85,746,STOCK,TECH
2026-03-14T09:55:00Z,25,A009,176.79,1098,STOCK,TECH
2026-03-14T09:55:00Z,25,A010,149.76,766,STOCK,TECH
2026-03-14T09:55:00Z,25,B001,118.07,693,STOCK,FINANCE
2026-03-14T09:55:00Z,25,B002,97.83,951,STOCK,FINANCE
2026-03-14T09:55:00Z,25,B003,114.16,771,STOCK,FINANCE
2026-03-14T09:55:00Z,25,B004,127.58,987,STOCK,FINANCE
2026-03-14T09:55:00Z,25,B005,103.56,1204,STOCK,FINANCE
2026-03-14T09:55:00Z,25,B006,91.66,1173,STOCK,FINANCE
2026-03-14T09:55:00Z,25,B007,130.51,646,STOCK,FINANCE
2026-03-14T09:55:00Z,25,B008,108.72,940,STOCK,FINANCE
2026-03-14T09:55:00Z,25,B009,87.88,877,STOCK,FINANCE
2026-03-14T09:55:00Z,25,B010,122.42,925,STOCK,FINANCE
2026-03-14T09:55:00Z,25,C001,141.57,1067,STOCK,HEALTHCARE
2026-03-14T09:55:00Z,25,C002,158.38,1360,STOCK,HEALTHCARE
2026-03-14T09:55:00Z,25,C003,120.58,1312,STOCK,HEALTHCARE
2026-03-14T09:55:00Z,25,C004,140.18,1318,STOCK,HEALTHCARE
2026-03-14T09:55:00Z,25,C005,167.05,650,STOCK,HEALTHCARE
2026-03-14T09:55:00Z,25,C006,112.47,997,STOCK,HEALTHCARE
2026-03-14T09:55:00Z,25,C007,144.55,1004,STOCK,HEALTHCARE
2026-03-14T09:55:00Z,25,C008,128.26,1525,STOCK,HEALTHCARE
2026-03-14T09:55:00Z,25,C009,152.71,692,STOCK,HEALTHCARE
2026-03-14T09:55:00Z,25,C010,133.61,1065,STOCK,HEALTHCARE
2026-03-14T09:55:00Z,25,D001,101.08,511,STOCK,ENERGY
2026-03-14T09:55:00Z,25,D002,87.34,1067,STOCK,ENERGY
2026-03-14T09:55:00Z,25,D003,91.79,454,STOCK,ENERGY
2026-03-14T09:55:00Z,25,D004,110.5,1069,STOCK,ENERGY
2026-03-14T09:55:00Z,25,D005,89.06,981,STOCK,ENERGY
2026-03-14T09:55:00Z,25,D006,97.39,778,STOCK,ENERGY
2026-03-14T09:55:00Z,25,D007,104.9,1318,STOCK,ENERGY
2026-03-14T09:55:00Z,25,D008,83.27,1146,STOCK,ENERGY
2026-03-14T09:55:00Z,25,D009,98.14,702,STOCK,ENERGY
2026-03-14T09:55:00Z,25,D010,93.55,1507,STOCK,ENERGY
2026-03-14T09:55:00Z,25,E001,90.44,692,STOCK,CONSUMER
2026-03-14T09:55:00Z,25,E002,84.23,948,STOCK,CONSUMER
2026-03-14T09:55:00Z,25,E003,95.67,821,STOCK,CONSUMER
2026-03-14T09:55:00Z,25,E004,78.53,1353,STOCK,CONSUMER
2026-03-14T09:55:00Z,25,E005,88.43,1366,STOCK,CONSUMER
2026-03-14T09:55:00Z,25,E006,82.75,787,STOCK,CONSUMER
2026-03-14T09:55:00Z,25,E007,94.01,1315,STOCK,CONSUMER
2026-03-14T09:55:00Z,25,E008,75.34,1130,STOCK,CONSUMER
2026-03-14T09:55:00Z,25,E009,86.75,1354,STOCK,CONSUMER
2026-03-14T09:55:00Z,25,E010,78.83,1493,STOCK,CONSUMER
2026-03-14T09:56:00Z,26,A001,233.57,528,STOCK,TECH
2026-03-14T09:56:00Z,26,A002,172.03,941,STOCK,TECH
2026-03-14T09:56:00Z,26,A003,141.27,1088,STOCK,TECH
2026-03-14T09:56:00Z,26,A004,187.88,612,STOCK,TECH
2026-03-14T09:56:00Z,26,A005,127.94,909,STOCK,TECH
2026-03-14T09:56:00Z,26,A006,162.68,676,STOCK,TECH
2026-03-14T09:56:00Z,26,A007,201.23,1267,STOCK,TECH
2026-03-14T09:56:00Z,26,A008,116.0,561,STOCK,TECH
2026-03-14T09:56:00Z,26,A009,177.16,883,STOCK,TECH
2026-03-14T09:56:00Z,26,A010,149.84,775,STOCK,TECH
2026-03-14T09:56:00Z,26,B001,118.52,425,STOCK,FINANCE
2026-03-14T09:56:00Z,26,B002,97.86,650,STOCK,FINANCE
2026-03-14T09:56:00Z,26,B003,114.26,1019,STOCK,FINANCE
2026-03-14T09:56:00Z,26,B004,127.99,953,STOCK,FINANCE
2026-03-14T09:56:00Z,26,B005,103.8,1231,STOCK,FINANCE
2026-03-14T09:56:00Z,26,B006,91.88,1144,STOCK,FINANCE
2026-03-14T09:56:00Z,26,B007,130.99,596,STOCK,FINANCE
2026-03-14T09:56:00Z,26,B008,108.86,1069,STOCK,FINANCE
2026-03-14T09:56:00Z,26,B009,87.91,951,STOCK,FINANCE
2026-03-14T09:56:00Z,26,B010,122.76,1396,STOCK,FINANCE
2026-03-14T09:56:00Z,26,C001,141.89,1200,STOCK,HEALTHCARE
2026-03-14T09:56:00Z,26,C002,158.55,1348,STOCK,HEALTHCARE
2026-03-14T09:56:00Z,26,C003,120.55,1270,STOCK,HEALTHCARE
2026-03-14T09:56:00Z,26,C004,140.58,1210,STOCK,HEALTHCARE
2026-03-14T09:56:00Z,26,C005,167.4,527,STOCK,HEALTHCARE
2026-03-14T09:56:00Z,26,C006,112.43,926,STOCK,HEALTHCARE
2026-03-14T09:56:00Z,26,C007,144.88,1207,STOCK,HEALTHCARE
2026-03-14T09:56:00Z,26,C008,128.21,1385,STOCK,HEALTHCARE
2026-03-14T09:56:00Z,26,C009,152.84,479,STOCK,HEALTHCARE
2026-03-14T09:56:00Z,26,C010,133.6,1318,STOCK,HEALTHCARE
2026-03-14T09:56:00Z,26,D001,101.21,537,STOCK,ENERGY
2026-03-14T09:56:00Z,26,D002,87.42,1281,STOCK,ENERGY
2026-03-14T09:56:00Z,26,D003,91.9,565,STOCK,ENERGY
2026-03-14T09:56:00Z,26,D004,110.83,980,STOCK,ENERGY
2026-03-14T09:56:00Z,26,D005,89.26,750,STOCK,ENERGY
2026-03-14T09:56:00Z,26,D006,97.65,737,STOCK,ENERGY
2026-03-14T09:56:00Z,26,D007,105.25,983,STOCK,ENERGY
2026-03-14T09:56:00Z,26,D008,83.38,996,STOCK,ENERGY
2026-03-14T09:56:00Z,26,D009,98.34,951,STOCK,ENERGY
2026-03-14T09:56:00Z,26,D010,93.79,1339,STOCK,ENERGY
2026-03-14T09:56:00Z,26,E001,90.78,659,STOCK,CONSUMER
2026-03-14T09:56:00Z,26,E002,84.45,894,STOCK,CONSUMER
2026-03-14T09:56:00Z,26,E003,95.99,776,STOCK,CONSUMER
2026-03-14T09:56:00Z,26,E004,78.74,1510,STOCK,CONSUMER
2026-03-14T09:56:00Z,26,E005,88.69,991,STOCK,CONSUMER
2026-03-14T09:56:00Z,26,E006,82.7,791,STOCK,CONSUMER
2026-03-14T09:56:00Z,26,E007,94.27,780,STOCK,CONSUMER
2026-03-14T09:56:00Z,26,E008,75.47,1547,STOCK,CONSUMER
2026-03-14T09:56:00Z,26,E009,86.89,973,STOCK,CONSUMER
2026-03-14T09:56:00Z,26,E010,78.9,1617,STOCK,CONSUMER
2026-03-14T09:57:00Z,27,A001,233.47,566,STOCK,TECH
2026-03-14T09:57:00Z,27,A002,172.05,823,STOCK,TECH
2026-03-14T09:57:00Z,27,A003,140.9,1360,STOCK,TECH
2026-03-14T09:57:00Z,27,A004,187.75,597,STOCK,TECH
2026-03-14T09:57:00Z,27,A005,127.74,932,STOCK,TECH
2026-03-14T09:57:00Z,27,A006,162.35,523,STOCK,TECH
2026-03-14T09:57:00Z,27,A007,201.13,1430,STOCK,TECH
2026-03-14T09:57:00Z,27,A008,115.86,728,STOCK,TECH
2026-03-14T09:57:00Z,27,A009,176.86,957,STOCK,TECH
2026-03-14T09:57:00Z,27,A010,149.57,820,STOCK,TECH
2026-03-14T09:57:00Z,27,B001,118.48,482,STOCK,FINANCE
2026-03-14T09:57:00Z,27,B002,97.8,1111,STOCK,FINANCE
2026-03-14T09:57:00Z,27,B003,114.04,845,STOCK,FINANCE
2026-03-14T09:57:00Z,27,B004,127.77,1151,STOCK,FINANCE
2026-03-14T09:57:00Z,27,B005,103.71,1354,STOCK,FINANCE
2026-03-14T09:57:00Z,27,B006,91.87,1061,STOCK,FINANCE
2026-03-14T09:57:00Z,27,B007,130.73,532,STOCK,FINANCE
2026-03-14T09:57:00Z,27,B008,108.85,693,STOCK,FINANCE
2026-03-14T09:57:00Z,27,B009,87.77,1088,STOCK,FINANCE
2026-03-14T09:57:00Z,27,B010,123.08,1097,STOCK,FINANCE
2026-03-14T09:57:00Z,27,C001,141.66,1053,STOCK,HEALTHCARE
2026-03-14T09:57:00Z,27,C002,158.31,1286,STOCK,HEALTHCARE
2026-03-14T09:57:00Z,27,C003,120.52,1058,STOCK,HEALTHCARE
2026-03-14T09:57:00Z,27,C004,140.35,1005,STOCK,HEALTHCARE
2026-03-14T09:57:00Z,27,C005,167.48,372,STOCK,HEALTHCARE
2026-03-14T09:57:00Z,27,C006,112.62,1265,STOCK,HEALTHCARE
2026-03-14T09:57:00Z,27,C007,144.74,1226,STOCK,HEALTHCARE
2026-03-14T09:57:00Z,27,C008,128.17,1178,STOCK,HEALTHCARE
2026-03-14T09:57:00Z,27,C009,152.66,817,STOCK,HEALTHCARE
2026-03-14T09:57:00Z,27,C010,133.53,1254,STOCK,HEALTHCARE
2026-03-14T09:57:00Z,27,D001,101.31,548,STOCK,ENERGY
2026-03-14T09:57:00Z,27,D002,87.45,1092,STOCK,ENERGY
2026-03-14T09:57:00Z,27,D003,91.73,462,STOCK,ENERGY
2026-03-14T09:57:00Z,27,D004,110.95,902,STOCK,ENERGY
2026-03-14T09:57:00Z,27,D005,89.32,754,STOCK,ENERGY
2026-03-14T09:57:00Z,27,D006,97.63,637,STOCK,ENERGY
2026-03-14T09:57:00Z,27,D007,105.08,1285,STOCK,ENERGY
2026-03-14T09:57:00Z,27,D008,83.33,828,STOCK,ENERGY
2026-03-14T09:57:00Z,27,D009,98.17,876,STOCK,ENERGY
2026-03-14T09:57:00Z,27,D010,93.77,1316,STOCK,ENERGY
2026-03-14T09:57:00Z,27,E001,90.69,537,STOCK,CONSUMER
2026-03-14T09:57:00Z,27,E002,84.17,1100,STOCK,CONSUMER
2026-03-14T09:57:00Z,27,E003,96.03,603,STOCK,CONSUMER
2026-03-14T09:57:00Z,27,E004,78.71,1109,STOCK,CONSUMER
2026-03-14T09:57:00Z,27,E005,88.75,1000,STOCK,CONSUMER
2026-03-14T09:57:00Z,27,E006,82.64,652,STOCK,CONSUMER
2026-03-14T09:57:00Z,27,E007,94.23,914,STOCK,CONSUMER
2026-03-14T09:57:00Z,27,E008,75.53,1546,STOCK,CONSUMER
2026-03-14T09:57:00Z,27,E009,86.88,1000,STOCK,CONSUMER
2026-03-14T09:57:00Z,27,E010,78.88,1089,STOCK,CONSUMER
2026-03-14T09:58:00Z,28,A001,235.21,696,STOCK,TECH
2026-03-14T09:58:00Z,28,A002,173.33,1005,STOCK,TECH
2026-03-14T09:58:00Z,28,A003,142.18,1197,STOCK,TECH
2026-03-14T09:58:00Z,28,A004,189.05,619,STOCK,TECH
2026-03-14T09:58:00Z,28,A005,128.54,1092,STOCK,TECH
2026-03-14T09:58:00Z,28,A006,163.23,882,STOCK,TECH
2026-03-14T09:58:00Z,28,A007,202.89,1775,STOCK,TECH
2026-03-14T09:58:00Z,28,A008,116.73,989,STOCK,TECH
2026-03-14T09:58:00Z,28,A009,178.36,1420,STOCK,TECH
2026-03-14T09:58:00Z,28,A010,150.39,738,STOCK,TECH
2026-03-14T09:58:00Z,28,B001,119.28,891,STOCK,FINANCE
2026-03-14T09:58:00Z,28,B002,98.44,1168,STOCK,FINANCE
2026-03-14T09:58:00Z,28,B003,114.64,1162,STOCK,FINANCE
2026-03-14T09:58:00Z,28,B004,128.5,1158,STOCK,FINANCE
2026-03-14T09:58:00Z,28,B005,104.33,1098,STOCK,FINANCE
2026-03-14T09:58:00Z,28,B006,92.37,992,STOCK,FINANCE
2026-03-14T09:58:00Z,28,B007,131.58,825,STOCK,FINANCE
2026-03-14T09:58:00Z,28,B008,109.29,853,STOCK,FINANCE
2026-03-14T09:58:00Z,28,B009,88.19,1225,STOCK,FINANCE
2026-03-14T09:58:00Z,28,B010,123.58,1248,STOCK,FINANCE
2026-03-14T09:58:00Z,28,C001,142.36,1199,STOCK,HEALTHCARE
2026-03-14T09:58:00Z,28,C002,159.13,1421,STOCK,HEALTHCARE
2026-03-14T09:58:00Z,28,C003,120.99,1509,STOCK,HEALTHCARE
2026-03-14T09:58:00Z,28,C004,141.02,1470,STOCK,HEALTHCARE
2026-03-14T09:58:00Z,28,C005,167.91,523,STOCK,HEALTHCARE
2026-03-14T09:58:00Z,28,C006,113.2,1449,STOCK,HEALTHCARE
2026-03-14T09:58:00Z,28,C007,145.28,1223,STOCK,HEALTHCARE
2026-03-14T09:58:00Z,28,C008,128.74,1526,STOCK,HEALTHCARE
2026-03-14T09:58:00Z,28,C009,153.55,626,STOCK,HEALTHCARE
2026-03-14T09:58:00Z,28,C010,133.95,1248,STOCK,HEALTHCARE
2026-03-14T09:58:00Z,28,D001,102.1,670,STOCK,ENERGY
2026-03-14T09:58:00Z,28,D002,87.99,1805,STOCK,ENERGY
2026-03-14T09:58:00Z,28,D003,92.3,613,STOCK,ENERGY
2026-03-14T09:58:00Z,28,D004,111.75,1143,STOCK,ENERGY
2026-03-14T09:58:00Z,28,D005,89.71,1135,STOCK,ENERGY
2026-03-14T09:58:00Z,28,D006,98.3,749,STOCK,ENERGY
2026-03-14T09:58:00Z,28,D007,105.76,1544,STOCK,ENERGY
2026-03-14T09:58:00Z,28,D008,83.91,1093,STOCK,ENERGY
2026-03-14T09:58:00Z,28,D009,98.74,1157,STOCK,ENERGY
2026-03-14T09:58:00Z,28,D010,94.29,1170,STOCK,ENERGY
2026-03-14T09:58:00Z,28,E001,91.2,734,STOCK,CONSUMER
2026-03-14T09:58:00Z,28,E002,84.58,1098,STOCK,CONSUMER
2026-03-14T09:58:00Z,28,E003,96.41,493,STOCK,CONSUMER
2026-03-14T09:58:00Z,28,E004,79.06,892,STOCK,CONSUMER
2026-03-14T09:58:00Z,28,E005,89.34,1053,STOCK,CONSUMER
2026-03-14T09:58:00Z,28,E006,83.03,895,STOCK,CONSUMER
2026-03-14T09:58:00Z,28,E007,94.63,1162,STOCK,CONSUMER
2026-03-14T09:58:00Z,28,E008,75.94,1475,STOCK,CONSUMER
2026-03-14T09:58:00Z,28,E009,87.12,1226,STOCK,CONSUMER
2026-03-14T09:58:00Z,28,E010,79.06,1312,STOCK,CONSUMER
2026-03-14T09:59:00Z,29,A001,235.27,677,STOCK,TECH
2026-03-14T09:59:00Z,29,A002,173.38,473,STOCK,TECH
2026-03-14T09:59:00Z,29,A003,142.03,926,STOCK,TECH
2026-03-14T09:59:00Z,29,A004,189.03,542,STOCK,TECH
2026-03-14T09:59:00Z,29,A005,128.33,945,STOCK,TECH
2026-03-14T09:59:00Z,29,A006,163.28,640,STOCK,TECH
2026-03-14T09:59:00Z,29,A007,202.51,1641,STOCK,TECH
2026-03-14T09:59:00Z,29,A008,116.71,768,STOCK,TECH
2026-03-14T09:59:00Z,29,A009,178.43,965,STOCK,TECH
2026-03-14T09:59:00Z,29,A010,150.08,713,STOCK,TECH
2026-03-14T09:59:00Z,29,B001,119.21,571,STOCK,FINANCE
2026-03-14T09:59:00Z,29,B002,98.54,790,STOCK,FINANCE
2026-03-14T09:59:00Z,29,B003,114.86,626,STOCK,FINANCE
2026-03-14T09:59:00Z,29,B004,128.27,957,STOCK,FINANCE
2026-03-14T09:59:00Z,29,B005,104.38,1304,STOCK,FINANCE
2026-03-14T09:59:00Z,29,B006,92.24,985,STOCK,FINANCE
2026-03-14T09:59:00Z,29,B007,131.37,529,STOCK,FINANCE
2026-03-14T09:59:00Z,29,B008,109.5,1181,STOCK,FINANCE
2026-03-14T09:59:00Z,29,B009,88.26,749,STOCK,FINANCE
2026-03-14T09:59:00Z,29,B010,123.47,1289,STOCK,FINANCE
2026-03-14T09:59:00Z,29,C001,142.4,954,STOCK,HEALTHCARE
2026-03-14T09:59:00Z,29,C002,159.26,1075,STOCK,HEALTHCARE
2026-03-14T09:59:00Z,29,C003,121.02,959,STOCK,HEALTHCARE
2026-03-14T09:59:00Z,29,C004,141.41,1300,STOCK,HEALTHCARE
2026-03-14T09:59:00Z,29,C005,168.04,555,STOCK,HEALTHCARE
2026-03-14T09:59:00Z,29,C006,112.8,1453,STOCK,HEALTHCARE
2026-03-14T09:59:00Z,29,C007,145.23,1094,STOCK,HEALTHCARE
2026-03-14T09:59:00Z,29,C008,128.63,1257,STOCK,HEALTHCARE
2026-03-14T09:59:00Z,29,C009,153.52,623,STOCK,HEALTHCARE
2026-03-14T09:59:00Z,29,C010,133.96,1133,STOCK,HEALTHCARE
2026-03-14T09:59:00Z,29,D001,102.02,610,STOCK,ENERGY
2026-03-14T09:59:00Z,29,D002,87.88,1389,STOCK,ENERGY
2026-03-14T09:59:00Z,29,D003,92.46,473,STOCK,ENERGY
2026-03-14T09:59:00Z,29,D004,111.84,1083,STOCK,ENERGY
2026-03-14T09:59:00Z,29,D005,89.64,792,STOCK,ENERGY
2026-03-14T09:59:00Z,29,D006,98.38,702,STOCK,ENERGY
2026-03-14T09:59:00Z,29,D007,105.85,1416,STOCK,ENERGY
2026-03-14T09:59:00Z,29,D008,84.04,1213,STOCK,ENERGY
2026-03-14T09:59:00Z,29,D009,98.62,830,STOCK,ENERGY
2026-03-14T09:59:00Z,29,D010,94.38,1006,STOCK,ENERGY
2026-03-14T09:59:00Z,29,E001,91.14,556,STOCK,CONSUMER
2026-03-14T09:59:00Z,29,E002,84.7,817,STOCK,CONSUMER
2026-03-14T09:59:00Z,29,E003,96.39,443,STOCK,CONSUMER
2026-03-14T09:59:00Z,29,E004,78.85,1194,STOCK,CONSUMER
2026-03-14T09:59:00Z,29,E005,89.35,674,STOCK,CONSUMER
2026-03-14T09:59:00Z,29,E006,82.86,690,STOCK,CONSUMER
2026-03-14T09:59:00Z,29,E007,94.61,1024,STOCK,CONSUMER
2026-03-14T09:59:00Z,29,E008,75.94,1321,STOCK,CONSUMER
2026-03-14T09:59:00Z,29,E009,87.08,955,STOCK,CONSUMER
2026-03-14T09:59:00Z,29,E010,78.92,1056,STOCK,CONSUMER
